Mol_Length_Index,Atom_Count_Score,Ring_Complexity,Aromaticity_Index,Heteroatom_Fraction,Oxygen_Content_Score,Fluorine_Content_Score,Nitrogen_Content_Score,Double_Bond_Fraction,Branching_Index,Flexibility_Score,Rigidity_Score,Polarity_Index,Backbone_Complexity,Hash_Descriptor_1,Hash_Descriptor_2,Hash_Descriptor_3,Hash_Descriptor_4,Latent_1,Latent_2,Latent_3,Latent_4,Latent_5,Latent_6,Latent_7,Latent_8,Latent_9,Latent_10,Latent_11,Latent_12,Crystallinity_percent,Annealing_Temp_C,Molecular_Weight_kDa,PDI,Density_g_cm3,Melt_Index,Cooling_Rate_C_per_min,Thermal_Stability_Index,Free_Volume_Fraction,Orientation_Index,MorganFP_1,MorganFP_2,MorganFP_3,MorganFP_4,MorganFP_5
41.88515484311611,21.93813552686258,3.92046406127708,-0.3552091674667678,4.681924949478534,6.053858950516147,-0.0089786060245073,0.0365002061198426,23.67550076943296,4.234343582943232,7.764765332689044,10.146268089126016,2.2363782185919923,8.09618161854978,4.561017213383827,6.836181739336591,1.4726906084158793,2.900676078773215,0.5780981514755634,0.2946874357934297,0.5693233855768947,-0.766894333640123,0.4463074694528146,-0.7396825596504198,-0.0220108128608356,-0.4867228853345253,-0.3685228573591383,-0.5981891276123982,-0.6397644031871406,-0.8836851042976969,32.25003969063026,245.91981215039823,35.204383057788014,2.0159448222699696,1.3240750977233144,8.603172954652385,3.0986311374078293,90.37157554763186,0.1008636696483276,0.6598706474654321,0,1,1,1,0
41.89034821890442,21.924350389883735,3.720842159561503,0.1774047725275201,4.61710669555624,5.960921929764595,-0.0903898743823755,-0.1578677011439349,23.808114812427696,3.9568780842863953,7.925628423544267,9.781461513495897,2.063904934156591,8.330723453698457,5.377232995787365,9.81961314044182,7.241360571276177,4.106238127037693,0.7039414840953996,-0.5401126298512577,0.5664265135185761,0.3761180390564898,0.8592415487569046,0.1803443280963623,-0.8600619759393683,-0.3291273332852176,-0.468675967150985,0.9771921799823228,-0.5299882366609312,-0.3290617439223141,44.231014642751326,215.5881946262033,49.45242002246416,1.886814859576096,1.3327638778409712,16.379109665637017,9.621745871816447,89.3652940569124,0.1007664137725532,0.5648038459017444,0,1,1,0,1
41.88208417288158,22.50081591260428,4.278690905504886,0.2131647306893355,4.847772926465109,6.075927929677193,-0.1112237493521561,-0.026012058710724,24.14333771468907,3.811488398841625,8.32295575814197,9.903391553652382,2.265086421819016,7.718636998100492,7.821495783729889,0.7992235801433764,0.0542970385645174,5.009350183713089,-0.2917535174112786,0.7548824572950608,-0.3314347739976342,0.9526634482158336,0.7278753280178896,0.629876590253895,-0.0741095883419059,0.5313749806302644,0.6308415958692797,-0.4227717478287683,-0.716614907868029,0.1370812594206064,27.4689973162071,196.4784028701569,25.047170763381555,1.5431915568135262,1.3381827058541544,9.847073902735248,8.63310709504002,89.74739578319456,0.1195594413312907,0.4581949100319034,0,1,0,1,1
42.20145935151872,22.76401567969392,4.177500793482812,0.2282539962934433,4.773921960827795,6.07766240108469,0.2499009801412317,-0.2665554794959299,23.739635944080412,3.845486250248752,8.075830623745224,10.369066652695237,1.8806051426557853,7.521939126506112,9.238928434981242,2.243292388142112,6.62172492573059,2.525912697671836,0.6750773716354694,-0.278300481084551,-0.8718509879222983,-0.2743336339345428,0.4057175262307933,-0.8359667742142068,-0.8339028288412135,-0.9227377924109174,0.5372562533494327,0.2121034389238134,0.4717897231847433,0.7165240827682008,38.338548949173614,214.8317058719801,72.65600571970688,2.291169720633415,1.334413216229004,15.551759465443311,4.589042747931396,78.7395736091061,0.1353476366335465,0.446095139242103,0,0,0,1,0
42.09333299734296,21.055175353951924,4.403055022092128,0.3871933382767641,4.682465698675564,5.779546051908829,0.0695123227607104,0.0173395398828793,23.880657599236454,4.038315479238818,8.101248197861185,10.434191709817542,2.113620641025729,7.790068900218012,6.104266247850228,4.47093565928868,5.612464133870825,9.051428705595164,-0.2929159342782083,-1.0455876968568996,-0.9056463222551344,-0.2362052923506758,0.2494080049739596,-0.0389530728367086,-0.4103033404123148,0.4929440531143554,-1.0024294236381377,0.8503023059159376,0.1766626981140036,0.7919975899174556,39.74264827913278,182.93703547864533,48.73845030218256,1.869955733697367,1.3336428708082044,5.240060545453651,7.528148757183491,88.36929013493277,0.1136516188771637,0.4324531514618343,0,1,1,0,1
42.00540506161333,22.236315172921703,3.7266283273438345,0.1777701821541991,4.221026435584207,5.874023089527238,-0.0976547684903089,0.1266653652142477,23.81404998005918,3.718887389228743,7.803001374836597,10.059604002864225,1.9841865316270888,7.884175178072851,4.417250527628466,9.74595240986142,8.271630316694441,2.2288943970633808,0.5026344959259799,-0.4837912717834267,-0.047684136330053,0.4665185783423529,0.7775716602756795,0.5007101335306243,0.2019598116891798,-0.1972987108007735,-0.0491160321308232,-0.8911685191575812,-0.5159046989818724,0.281555354752077,34.11299098879755,218.5613871821546,62.8888280187579,1.8101101911569768,1.2854431689355617,23.492835822572733,2.5622429485097227,84.79888017778677,0.1521520720367075,0.6319379429708997,0,0,1,0,0
41.51523396377686,22.149823843918675,4.186486974190934,-0.1245300866890108,4.902044884328879,6.562930888894511,-0.0208685585973783,0.0786614100010647,23.66191239279153,4.03625023252041,8.092054324996461,10.05845270208104,1.7960609360582287,8.04127235426509,2.173473261985271,9.104727203003732,5.7012054490542114,8.032272156571477,-0.5308954970552051,0.885366196473112,-0.3430704455536809,-0.0134056047680681,0.8569938684291883,0.8450603087843948,-0.2873442346817326,0.776229116311306,-0.0310420266680412,-0.8948555880682733,0.5597855032642469,0.604467553580252,34.48315891758159,198.06316417205036,55.83109890826376,1.5443672373522972,1.2860936203302602,14.371139891822692,3.479583341094058,91.78516268627176,0.0888187628130652,0.4495341894164409,1,0,1,0,1
42.190098307432216,21.65090016269448,4.335734934674513,-0.5734921651955271,5.024138261465287,5.955136205824379,0.1719169744687112,0.0159602968117466,24.037434916728905,3.922527607089438,7.780275914964437,10.42615128618132,1.977303870823572,8.044311694724842,4.057811302708197,8.90327840302333,1.830183150787308,3.681397593895996,0.2102167088103952,-0.960490590470664,-0.8286115878106491,-0.8159253486961531,0.5473238146234278,-0.9093816328669702,-0.5299962436803126,-0.2724842373709379,-0.1491105703879924,-0.7612592092503591,-0.5572478688857737,-0.4835892970170553,43.95372354128559,197.5017366728704,41.311025349046574,2.3318114575174587,1.2915004113252326,17.164227535328934,6.445735010694285,88.39317911925694,0.0905498127131749,0.4222140351500132,0,1,0,1,0
41.927190375652415,21.054994914408528,3.909041056524461,-0.3119419593080653,4.640375492830067,5.972537806842224,0.1915583228945811,0.0415206702801251,23.87105914020403,3.780896122230888,7.823849182079454,10.539617505505394,1.8529597930473507,8.331241650411458,7.463247685802496,8.04255143007916,8.898367843763697,2.6843021089289207,0.5245367488489301,-0.0847075385056169,0.2094064979543135,0.3192096439294724,-0.6670984053324308,0.8899226507803407,-0.1758275457881008,-0.768077293350738,0.3959373312104327,-0.2787946328895117,-0.4670204815921652,-1.026960816471025,32.72101871303671,257.33649120147686,59.85831271451752,1.5915453728288795,1.3290367698650416,14.61119881672536,2.6875390642248744,85.69604157228636,0.1075447851078131,0.7335447738477975,0,1,1,1,1
42.15796100510169,21.7612946469036,3.870034622900513,0.0252504690557088,4.7644704906134985,6.095965407073367,-0.0537291506619485,-0.3672719567540795,23.72296903280613,4.158763693428763,7.940524784151378,9.926084979245635,2.1972753011811874,7.857605354548215,8.205964104262474,5.5048127973589,7.390507595405285,5.284154433331321,0.8005120497733677,0.8398152422734532,0.024594042678376,0.6970947346925356,0.0770760825383068,0.5940649888240657,-0.1079977985089167,0.6129718207420698,0.8435522956638493,0.0848187948167519,-0.4220581812850794,-0.5364934447506035,34.35441231942302,228.47174521435863,46.41759002844231,1.5298173175698564,1.3226801202070329,5.21026449083307,9.61889894377484,90.50626291303372,0.1089555928951455,0.6035061397771634,1,1,1,0,1
41.2839210389413,21.752060913994924,4.219460037508742,-0.4696944094816788,4.16037829396601,6.114235881243841,0.0487314447405428,-0.2180416813598859,23.61241588937962,3.806051256073065,8.022107063494788,9.812105417145098,2.098812783795104,7.429074667419122,6.130896224468414,0.5650095999797575,8.029892786063835,8.114245653110808,0.1896991379151223,-0.7068570643772796,0.2964677553129669,0.2213767691376674,0.6399479792898808,0.8898941784163896,-0.768601766540748,-0.2789364453034052,0.449901486139744,0.4538379695552706,0.2274144223999098,-0.5260757500639358,37.064908453680594,198.180884284773,52.18935351958734,2.2644671464336232,1.3012133622709272,24.805703411698826,8.113416562477262,83.19363197629036,0.1394936824854254,0.464775754401024,1,1,1,1,0
41.531089708028624,21.41027016774611,4.287017479844447,-0.1041906866873528,5.052559857113271,5.984353868188297,-0.3683795545915715,0.1784135199463441,23.691545345972685,4.139737762703409,8.005042173508016,9.53706453161714,2.032858953074114,8.43924462843056,3.6158062865551743,5.409563752358674,7.34106806909107,3.540496679941951,-0.0226448185364235,-0.8869098979680735,-0.8558038704033951,0.6138605437925727,-0.8433071160314174,0.4193075751752829,-0.6063855138700733,-0.0936447837437339,0.3061702157348933,0.8832639981984515,1.0094988923668982,0.6019184035468819,44.33244441792215,215.47512822688356,41.049852282044895,2.0787034145766965,1.3150215365092588,10.469490307499596,9.364731746190728,78.72320299960498,0.0744365043487974,0.5467893279553072,0,0,0,0,1
41.59242779542276,21.46013183936208,3.5956402720076106,-0.0303842156104598,4.642217245788553,5.806682421802937,-0.0136246850335906,0.0727941261705476,24.228163395965797,3.697623316087357,8.231876208660104,10.29193046830452,1.84418145212466,8.040647190917205,8.719677975580375,2.6937014729928634,2.497801894745776,7.735306328599175,0.8809156813078886,0.7938012108475981,0.1740944711446741,-0.4916138671993186,0.0895453044167182,-0.0562389090184756,0.3764062275848754,-0.031517146878258,0.7707639608618888,0.6528741514953923,0.2170285465137803,0.6752299403354632,39.08062905183314,197.3962345773789,43.33394398514907,1.9300091695252783,1.3381165223548328,24.093327137581376,10.00137582752076,81.38322489146859,0.0761233582682502,0.5204235723338374,1,1,1,1,1
42.01330763925469,21.127146283570173,4.098941130755007,0.1150305094210932,4.6800430670856175,6.201184902359284,-0.2254992197906077,0.2255817986507138,23.84042254264285,3.932689482024365,7.996025272926338,9.967820570256718,2.2440565792835434,7.784664174505798,7.005860290329139,5.543583775172439,3.3566093258267213,5.008602701306541,-0.8906451540257754,-0.9335095502747568,0.8717111398308288,-0.0106947257919594,-0.697242241992564,0.0644123661317777,-0.7912817591001393,0.2121402465583332,0.5398982845284188,0.2890802389165132,-0.2075950216726795,0.6132888030391824,36.58626805576922,251.1200488651733,53.4652492206101,2.1948946601592425,1.3014998277691767,6.023310128909518,4.328585568760943,84.88802421204916,0.0979211755370234,0.4690701671492538,1,0,0,0,0
41.38913384914322,22.023746734125822,3.950185631069392,-0.5018681703934722,4.842747334960229,6.143174548938192,0.0454068957729777,-0.064813635041794,23.92781223987418,4.136044072095339,8.061480713943938,9.752616324869573,2.0553201531022363,8.239096130165096,7.185167014246334,4.212263027819723,4.584734973276351,7.55166561824104,-0.7172058944016182,0.5110269243962066,0.6683862213867587,0.3098704138028545,-0.5271004630851787,0.4503772204716407,0.9441080672145792,0.2881650567680839,-0.7306718303411636,-0.8083602643118339,-0.8904550129676634,-0.6470714197581314,42.3599918379018,246.25486954587623,56.302735449040064,1.582806588316841,1.2689917621740812,5.9861797421964935,4.574792164924693,79.8992605402453,0.093404323622719,0.5463220611732055,1,0,0,0,1
42.043750941064616,22.29264971825817,4.102976719215275,0.2459775757905702,4.826772803907735,5.89345490035662,0.1679327728862377,-0.271503507968387,23.62938953302131,3.807159985715351,8.216011211827862,10.282836554242024,2.097461047408999,8.21438597304236,-0.0072772311240159,8.265628265267146,6.441408056448589,2.270969850760022,-0.8603625663492032,0.7315146839820292,-0.3200930332336348,0.2424436795482542,0.1213007756770071,0.1725272477704958,-0.979494933303258,0.3756720945807812,0.8899570020652956,-0.8410906321637266,0.9997063431012632,0.53382045147327,26.3211061564432,257.8054588519789,43.002995096536296,2.025654090404449,1.2884227179389538,18.650234602324005,8.62232158329593,88.0145123474079,0.0941328906650728,0.5199540228423452,0,0,1,1,0
42.1051110649159,21.577837981408464,4.020496928431641,-0.1448482772420755,4.405673079011635,5.553906396175108,0.0453368496989194,-0.112311549266125,23.69890584614098,4.139172767818757,8.23468845532649,9.918236583591458,1.931880258618028,8.100028606622777,6.793845592096855,5.967470679796185,6.219481887807314,0.0555685080976239,0.2461057477103494,0.2566183613951922,0.7685121720075139,-0.884044854858076,-0.3361072828796569,0.6910648106581214,0.8252993298962837,0.1886880395409657,0.913556611990878,-0.3316462290912121,-0.3054972351168298,0.838311360157246,31.53477781137267,207.96915190461775,54.8173248748388,1.8016341780365617,1.2621286692862148,19.704570362031923,8.256499129414532,86.13058398677923,0.1367515716092641,0.6565877182735742,0,1,0,0,1
41.8259951002039,21.42179209162807,4.170015866483511,0.1253042256718202,4.78339363677294,6.077474296126598,0.0646370964916411,0.2567633719707122,24.0685209264872,4.108844070468069,8.169160574512585,10.154218765727432,1.9077660535930765,8.151312934982627,5.666193794453686,5.592680800024434,2.0850473861475307,8.669928120716772,-0.0805831308013265,-0.3956667636251375,-0.0497975324105642,-0.3130618137837385,-0.0968306447401509,0.1626259791885274,-0.8134301000679222,-0.6596681014557694,-0.7532424716635825,-1.0068456703661417,-0.1089284282422217,-0.7268222426053018,38.66858830314541,227.49476959269867,62.74137291811656,1.8404088340908007,1.2958377325105752,13.10943352660837,11.840894639665144,82.09148539435142,0.096533551451209,0.5347283193548709,1,1,1,0,0
41.52492348306372,22.206499456068897,3.957186460454428,0.1138216192815329,4.899999299129065,6.053123398634507,0.1315526352300747,-0.0139064572484538,23.57212513186266,4.211562836164159,7.882177573443775,9.719321110371272,1.9644164248391205,7.817437816140697,8.160502637324692,3.4676456894979872,0.592737621504351,7.32795065006699,0.5378586730792979,0.0570514077879184,0.4247434147521355,0.7106294231677022,-0.6930678515669959,-0.1451427824758782,-0.7825514876287322,-0.0655276468533894,0.060160196797748,0.8200936329155198,-0.7634239434227486,0.1913564722127627,41.64782083403816,259.32994743689824,33.18081020691381,2.2609554030561805,1.313943485896002,24.59910894716557,11.856007339528004,87.61350056413781,0.0919253312783975,0.7034512184896277,1,1,0,1,1
42.06500493568929,21.848324966261437,3.956226749652875,0.2298728925121528,4.553866017941583,6.389039014855387,-0.3642172138588992,-0.1195335366509714,23.883566187512155,4.116862833287062,7.979904855885659,9.982782789099538,2.082110017065524,7.953786104508464,8.267230723334732,4.365487977420233,2.046162179703499,1.5759914473490737,0.7282690315357286,-0.7483583754950333,-0.8765233560670915,-0.5501991030350039,-0.519764977949336,-0.9492469810700304,-0.8456231757779853,-0.3190037438159418,0.3912979168278395,-0.9444778563838196,-0.2735628271621704,0.181844853245285,44.987006009444,196.9145006399129,38.25853705916778,2.2291457663981324,1.3372358907680495,23.31628696381488,7.028755200655849,89.13154395537414,0.0822171267789911,0.7714265099975247,0,0,0,0,1
41.82107657760934,21.850409113786284,4.161783853878544,-0.1753365875551314,4.612033224020206,5.955692680483252,-0.2353924225539936,0.3641087815883631,23.696244891280863,4.166323357236081,8.041894016729554,9.70463978485541,1.998809058157454,8.15680055586215,1.436213298603142,4.492118877492771,0.2978444752434044,8.272547288950278,-0.6871060002134739,0.2905866148372552,-0.3481762740476274,-0.1558819926559864,0.8489016262788586,0.1838798379334109,0.8994633615557237,0.4391601628188065,0.2398926741737361,0.3835159965342342,-0.7446253916730454,0.4936869371112249,42.73190883004797,212.8754041880088,55.21522099107394,2.1930205486807104,1.293390635344038,7.88624087374963,2.9355940691233555,78.23340170839487,0.1486180837820693,0.4898604666507039,0,1,0,1,1
42.20590606650436,21.58055366298713,4.013567702783387,-0.6059781996468409,5.05029376306514,5.897525151864661,0.0111727879688993,-0.0619299427976122,24.03872932452649,3.432498711720524,7.996677931534818,9.96825437275069,1.9092727224816637,8.345245309127126,2.718220367663177,8.99614802700882,3.2726074957952056,2.67921374627898,0.0402280222808981,0.8607304045839862,-0.6404905709137715,0.0829978884098424,0.7623881633529358,0.9772923756397364,0.8954558260143822,0.1567475584174179,-0.9514477120684935,-0.010050038801436,-0.8727828724661365,-0.9039962858626696,32.17485021085777,259.651614133948,49.00917576309439,2.0344741668085744,1.305268142992854,23.335120062374934,10.008180998597505,84.31582097716978,0.1346829339375516,0.6227694895366894,0,1,0,1,1
41.582179358349904,21.98272468802302,3.676657325010397,-0.0688146995566401,4.712181591151427,6.125322727452614,0.0091127762283796,0.1246814276559831,23.950211836151585,4.430985735476629,7.936940668942775,9.717693189800086,2.0492167230632816,7.839543994572091,0.5580811230939535,1.1084697792253642,8.296744923143313,1.5154941149794785,0.663212422235468,-0.2289656762138218,-0.8193622394515577,0.7986721769963461,-0.1687871136486098,0.283207494073246,-0.2979703623971839,0.1216539276598156,0.8865518361062542,0.3948541643629069,0.0354652253614274,-0.8825259679610016,40.53642734480562,233.87357831291465,55.72497301275963,2.4817160033472128,1.2662901368791806,11.618295315603904,4.48287479630846,91.8321954689159,0.1050450801700186,0.6783928257113516,1,0,1,0,1
41.688880177929,22.332684467516412,3.840772639362701,-0.2850190492398381,4.473183909470809,5.903418032107896,-0.0165430047792986,0.0486183455321397,23.999785058383704,4.105379584733159,7.961825556089364,9.940541297086083,2.102031493783037,8.254514032585714,0.3292106925772813,5.969588847871435,9.330927422079707,6.887344436167443,-0.578244606974983,-0.2557047413588446,0.3714592971609043,-0.2071183292743202,0.6966431060085934,0.606375375895757,-0.3148258434056978,0.0138917036836688,0.2240908537242819,-0.8167188896518052,0.8228761576583681,-0.5105321644159991,30.783006689083017,256.1808062689859,27.493007319958213,1.6649001785718536,1.3030064910441213,16.515849422446195,8.451500833009034,78.23756781041654,0.1564330097159917,0.4169434752389747,1,0,1,0,1
42.21684806849565,22.05589957910169,4.201431440119334,0.1553984329174355,4.767145712459569,5.939287134946817,-0.0161834675325376,-0.6340851471756112,23.851643977383336,3.902304783977928,8.318533999656577,10.005803221243529,1.7622073160930076,7.990023969174376,6.915975221099404,2.860428544516956,4.196502597750334,7.185314568145796,0.7806239702958729,0.9959210510896226,-0.162754060284314,-0.0292097466648127,0.6598926363906691,0.985373088271748,0.0285103934887655,0.4474472644438877,0.4068071524181993,0.738842515842805,0.9703210321859558,-0.8083538240299235,35.92495200261702,187.15784982483095,45.89920427534568,2.4386132784239223,1.328492289759573,6.9847532983936205,2.9072088274783088,81.67773667802709,0.1487289456298594,0.4489829823279296,0,1,1,0,1
41.8395729987467,22.14748572785441,3.700548470964271,0.3842818730000182,4.62882030227887,6.1443806970876285,-0.2539997194787752,0.1337680261092436,23.943912731086705,4.076840414401179,7.801114295640041,10.074864456879425,1.7633887630531222,7.949447348980763,2.5271186215359487,5.755855164441156,9.879709759718358,0.8233573433701834,0.0218947660916382,0.1419230621781693,0.5216765988774913,-0.8570874227707875,-0.1939176716986071,-0.6418679938941009,0.9273388204628398,0.7345073633424819,0.4040025432428,-0.4408912835102809,0.2599336856150324,0.5610968394044354,34.83856048078259,225.82180077896876,36.91686053139985,2.37335059318715,1.298918621258594,11.680910968399193,3.068209929639906,81.3438322456505,0.1554353054580385,0.5159378809914201,0,0,1,0,1
41.95496491462386,21.36799691602632,4.097236958312388,-0.584811526596727,4.351833270447922,6.147836098940314,0.1014040544270713,-0.0114790730148072,23.53043410857279,3.858417811865185,7.9474506504627,9.521231809427766,1.8521942683953532,8.130466067635336,5.863191331467405,4.918749909304549,5.780007506912064,2.0824535521423733,0.3704438621102244,-0.6848973241002639,-0.7743106849057695,-0.2901744016674524,0.5459547264460464,-0.6304442325994619,0.9352354550734532,-0.8878816511237277,-0.4307919826709939,-0.5325070180180073,-0.1273225613192708,0.448006424010762,28.91960369403524,255.50131057696117,73.82448305739436,1.913885262263464,1.3338628816811149,15.896493513468634,4.697424658737671,87.83358209512838,0.1293011625917371,0.7758676212613187,1,0,1,0,0
42.26063175017723,21.40683178644507,4.117571177627547,0.1859216354108606,4.379641383572261,6.018595849305882,-0.0936992226720631,-0.151753051587075,24.07969427566361,3.869264171872516,7.83872461417639,10.022708482001528,2.1371179492596832,7.971670282797975,1.0407794496081342,10.013511389294257,3.3459008145969444,1.5523491932428606,-0.0423382069665074,-0.1160939062460586,-0.1442330813777591,-0.4049937346478903,-0.0128096276200245,-0.819071763126355,-0.558584564037887,-0.0405302266152104,-0.6882010071692186,0.3908474794456842,0.0501934020956771,-0.4571085134335902,28.09572069692224,204.0940469597887,37.44884495806825,1.9095378084303527,1.280373101271197,14.779018528769042,6.074078813546854,91.81197287091057,0.0750333715115403,0.4540289230271936,1,1,1,0,0
42.04408058951601,21.738934214990003,4.615372074036101,0.4080347700540939,4.512996261887817,6.04657361748538,-0.1216012285874647,-0.2028959453414828,23.54150939529902,4.086443338151851,7.863723952986085,10.290347807207562,2.198756442906088,8.27478287704229,6.541624868380062,6.976186638821541,5.602169554774963,5.872176948042694,-0.6136972892795953,-0.2886727053403481,0.4722172068089045,-0.5764842119247269,0.3030667988953454,-0.519291794097452,0.4052887988923178,0.486176162353847,0.6243777503039274,-0.3553362342740186,0.916626667862494,0.6206284291506545,40.45680166853007,244.25364093061847,32.6706441194544,1.903206306117149,1.2898682528825465,8.028208878721701,9.984535050511903,87.90119659669593,0.0871343607667331,0.5393543252656436,0,1,1,0,0
42.0803530913599,21.588232514687075,3.89634947222776,0.3975828271311112,4.927327847617915,6.03159486245029,-0.2543838002225446,0.0422793134941317,24.022055267681317,3.924873266846893,8.270222817997343,10.387823586855465,2.332746566428695,8.06104862530627,6.974226817017255,5.2776116954388455,5.151079206619343,5.373568800363852,0.1384942011767261,-0.1998369697165404,0.4165615910741339,0.2846609741911453,0.6727571035687627,-0.3624280020912081,-0.2937042466445349,0.3001347966870693,0.1745925712219646,0.6730741706435677,-0.4748466773776707,-0.0985323616606784,44.628428498440506,187.79013832864032,40.15328805875508,2.2020468565446727,1.2880005494778544,23.56745103961584,2.6562608817781754,85.6917656488535,0.1231779640655603,0.6480366870353452,0,1,0,1,0
41.77806865080811,21.332694696544884,3.92286547380443,0.1303507938273917,4.809945930694006,6.250626564953649,0.1579839444361704,0.1939138051505813,23.87489488964589,3.722140253957802,7.96086029377062,10.3180269219726,1.989695414295071,8.10061807372475,5.725170678053808,0.8444815898244142,1.0756736190570872,0.4202259898748382,0.0891233835752407,0.071667965138325,-0.0484190098997096,-0.83574763740291,-0.7831179949555243,0.164935081681083,-0.6797077788665111,0.1418321696356133,0.3721147481405323,-0.8828973404248559,0.5259711833101798,0.5593919619706548,35.518931538029186,244.70395556009208,43.08841559612829,2.0766801925915104,1.3136581860354082,10.3887889260731,4.775228049023926,91.06778377832836,0.1351181115997979,0.6193309369648574,0,1,0,1,0
41.93368726093888,22.034684901329037,4.038519383746261,0.7176328905821977,4.342033509020957,6.1366446029577615,-0.0229604497518127,0.1133543452368359,23.67804929872486,3.99020699382831,8.1422821158931,10.933873060313152,2.161607237880414,7.830386880393898,0.5266398428392792,2.9443702438414,6.266279989217754,2.872710047286193,-0.3631565000828538,-0.0795827697519641,0.701186844746187,0.0956241442384373,-0.7390931627904151,-0.0643570301992667,1.0014389340585437,0.9795720446923202,-0.8846078167131787,0.6842692930942478,-0.8303650264320099,-0.1353608545519904,43.415416992721504,257.4735304400326,52.02763376944621,2.0040252857774377,1.3356013675398797,18.4721966399339,2.6489927953840944,84.52015808734497,0.0916220516617873,0.578525642150499,0,0,0,0,0
42.68312594941599,21.3827440007888,3.793606743230564,-0.1320777613159201,5.019519906875237,6.0029017998525305,-0.2472271592060925,0.2508676721514679,23.955723934880904,4.10768699144329,8.143146848234169,10.718308570174734,2.4370189790072225,7.862656931399341,3.559370122455906,9.142725104772872,3.712982636429866,5.506496706906932,-0.2451096204904338,-0.2354806431914869,-0.4900237334987444,0.5251322023364252,-0.1915215184301347,0.6003443968931448,-0.0069550324298047,-0.7017977360719398,-0.7058764575906371,-0.8729448122706249,-0.5663763712856957,0.2721825429584769,26.19524548356769,251.0879424349722,41.45368897303639,1.8460463967554728,1.300967086135893,23.81380375446464,2.4778136468140537,82.93123365099044,0.1470914789815002,0.5505007014254774,1,1,0,1,0
41.89942677543959,21.32946764334921,4.148730355108035,-0.0614629991594151,4.768183935011317,6.321515661279902,-0.0041121114701014,0.057836734623745,23.573739111264143,3.956066109529808,8.12190520904172,9.533387879847629,2.040169018623142,8.020158214528962,7.456927818951434,7.8297853621893,7.162046907780503,3.283065784824556,-0.2636208882293569,0.0933013605459119,-0.4497565629188901,0.2195692846547518,0.5611435580793237,0.5941428244579733,0.2875892332000326,0.7764169488798481,0.8441581992729708,0.2083447092735218,0.0216021476466579,-0.7971202523038502,43.13306593903998,195.2993703260897,55.77144575164633,1.9462858665990423,1.2632865891964444,11.945769486113957,4.652285225026746,87.60527615520881,0.1553911447922726,0.5018579312038823,1,1,1,1,1
41.76994078859863,22.034036134624312,4.205753798284696,0.1505055135506364,4.811569790407939,6.015623547047204,0.080047171105355,0.0403305810258509,23.60352935456842,4.00921584432663,7.785262268216449,10.024324762870249,1.903870411702352,8.507876324556573,0.5316342080147576,7.166070290048175,3.72389027450681,4.1487788049255325,-0.4858344385505462,0.5469086836455453,0.5856119146877602,0.7684909634412591,0.1157111475325565,-0.5518021225594286,-0.2221007542721585,0.8239290424825328,-0.0549400483571502,0.0803337405797812,-0.2803118747781364,-0.3173603360293275,26.695323088526663,244.610069565038,63.57366724298032,2.5066527024453857,1.32836123487286,18.66351126479636,2.523328573006628,88.95988065181321,0.1460959729756504,0.7036512153933427,1,1,0,0,0
41.525333049976055,22.02511384958284,4.0959015096003215,0.218682358371135,4.623434607058004,5.868192145022271,-0.1148201350567196,0.1072827799782686,24.01630002050865,3.91850797854168,8.18159246272541,10.037043942749378,1.9751428445675128,7.957723154036406,7.86521260568809,1.7769936787734957,6.595852006142879,5.743948250836836,-0.6952260913616393,-0.7755822070558147,0.5868645846411366,0.3128861108255157,0.4578302948889419,1.0186163856233763,-0.6156939187300874,-0.2991439606338705,0.98017076893357,-0.932530715884014,-0.6273291173489978,-0.9491924434082272,40.22011965899111,237.04114334893927,43.31431931032611,1.5582295291257,1.320394603182804,24.10350320956265,4.4015159602201415,82.52934459231852,0.0865431600533633,0.6192357268710391,0,1,0,1,1
41.875611929828445,21.50241302005038,4.109936637258052,0.5404290297799463,4.501587165344096,5.629396303420486,-0.0249773770700134,0.0031395591915516,23.853255670875267,3.910735896953131,7.959872140234913,10.11025312316218,2.208086178528968,7.608990245936344,9.551344816183567,2.7430417066465727,7.306883479459713,9.738550904967228,0.5698233577270886,-0.5749592738648709,-0.7308162781628238,-0.009050035361923,0.4817993152042258,-0.332151395397018,0.7208279281194381,-0.7115245704197176,0.1279140440430351,-0.8233638419425643,-0.136896166007425,-0.2431523640495027,43.41512902109467,226.52710702798043,51.67401043723915,2.156032959661708,1.2892822612597212,21.14214040639025,7.232862493002498,79.63447063876313,0.0816158612346156,0.604006475670995,1,0,1,0,0
41.94741164102879,22.199658800859567,4.072078679003616,0.1512863560152817,4.82009770793225,5.898598268145989,-0.1027801253297686,-0.2397902795987752,24.166478817360822,4.002690072923858,7.955029388841029,9.721362375564262,2.587131580465556,7.785334393555421,0.4886023327098853,0.8644711369321952,4.321525762140951,0.851755669166085,-0.6165086075024508,0.5805847269646157,0.0906539854220039,0.1077284053520989,0.7640439707163549,0.4564420077168584,-0.8763797614524386,0.124749487246173,0.0019290701008869,0.56997221475394,-0.5908910484885134,-0.7891040126858526,40.127121094872685,243.5307649385818,49.729852638187936,2.4842223279144315,1.281413474975544,13.211973944765331,10.9859691056897,90.5475940306021,0.1317141491942212,0.7264126079064437,1,1,1,1,1
41.71026521014081,21.730713163351687,3.906648237609712,-0.4448953295947254,4.598368282583735,5.773233928638729,-0.0824958023775873,-0.1477394996659125,23.484122825350457,4.404518046113896,8.250508146205846,9.766294173544004,2.054484279330722,8.083493017964258,7.09248600916051,5.884703128839219,9.911143150158168,3.386029090096648,-0.8743703789008078,0.8417019455281062,0.7823350709636887,-0.4011234648731966,0.3857799028254463,-0.5041010998716788,-0.7445648955020289,0.3397782735057177,-0.3319662514229513,0.1270770939287921,0.8034129524808362,-0.9787900979095212,40.80262747452217,197.4224641414055,58.85189074410051,2.3835333355685027,1.3049501564993211,19.81766413443971,8.618603122150056,82.97741716012811,0.1427972685130208,0.5119865205565006,0,1,0,1,1
42.47212026496653,22.2283440053652,3.70076823736707,-0.2754636499529374,5.026453655281789,5.966175462871437,0.0159147069884331,0.1517648832327218,23.94878838193987,4.055759962477092,7.958266325755907,9.906199466280292,2.1715797650582687,8.110713906213558,8.833560721122362,5.923237641252195,7.856849625854699,0.8514601577990036,-0.8081871233176864,0.3660677263744002,-0.5338756509353809,-0.0997418850438434,0.1323759055174261,-0.4951612676053707,0.8061705166317592,-0.4061395879769112,-1.0234482438794368,-0.3224363559317246,-0.0730989196353906,-0.0710359107669333,28.21968863374749,225.0531510763164,72.1887060172408,1.5042133195503549,1.2790499874603198,23.76895280820815,3.710859668571621,79.58540832295748,0.1213168494219824,0.7275006528520354,1,0,1,0,1
42.05951805515325,21.995408823307432,3.896448510555556,0.0653407019246178,4.857022449090478,5.650620861730889,-0.1077521674692191,-0.0509893940807178,23.86075793066266,4.238662201185425,7.845651837080643,9.850611445954648,1.89749317787069,7.839694481979092,2.5579218357962743,2.3862467959230607,1.1907692886529886,3.245151572632777,-0.7388497032819641,0.4233680454405409,-0.5205219417286996,0.1856114963889169,0.5530196968950138,0.0292630342825191,-0.9701568303651592,0.5447685812500794,0.9626165448059028,-0.5831943835845305,-0.0544132132393691,0.7520512725551733,41.51776452853629,204.28031273183615,44.92393810546072,1.8486043152003988,1.297390986835834,10.711592324772727,11.616114422544468,82.37982479207935,0.0788240084299845,0.6001905230991571,1,0,1,1,1
41.942927746676034,21.251276665697127,4.27264579502645,-0.0910878218694002,4.664127538096023,6.317788065688816,-0.2484493067098458,-0.2251174228063938,23.59027974455009,3.986425723660104,8.08632632592752,10.22190264043535,2.5143990634989937,7.550113509159847,1.5074244150512437,5.178712502998904,5.3850268272442126,2.144757397725389,-0.8616238418747365,0.8829275481519384,-0.4481365646427538,-0.5316784732167831,0.8939487929578855,0.3005101872001645,0.1117773448492229,-0.1112706522670378,0.5957241729673498,0.0149416601123147,-0.801734582743339,0.7030535257459393,25.38802491236431,206.16054147968816,56.39793676714539,1.8027092329508232,1.3327669356043024,17.677789236648838,2.719067173164456,90.72607824369985,0.15619899923586,0.4295307189888557,0,0,1,0,0
41.43217134672298,22.15574542939889,3.762446952016495,-0.1191969757654085,4.868777741632038,6.018218721251182,-0.1703079959558637,0.0012546312368836,23.50321674647508,4.230053479179659,7.958943196100749,10.335564983276598,1.8946936625807915,7.895284802318684,5.387706792120279,7.938665309223889,3.3297225954920826,0.658933298125726,0.0352419863545159,0.1395825656747768,0.3710233413848059,-0.0133831094838706,-0.955097308678619,-0.818392080392572,-0.3167719133454755,-0.4888100895882158,0.3412591027247035,0.92833289419154,-0.1661390402465483,-0.4656474259475425,41.134156154901234,180.29250490757195,41.002978209179126,1.9639516661297385,1.2783773026946583,8.991432317918775,2.3778450659567967,87.00717615097665,0.0936259261434849,0.419891927803899,0,0,1,1,1
42.20637989161543,21.693508364364654,3.988591766629412,0.3551962329590667,4.830269804695755,5.987992491662287,-0.1203888883870354,-0.1266462793429954,23.639401158933417,3.89179862684342,8.151133167748863,9.93343351861232,1.7300453861237537,8.353633858611957,8.050457120320248,9.2721197322747,2.706935952444427,1.6252300611256332,0.0465883546991792,0.3202166693047853,-0.1458172253563896,0.5770328856507111,0.7209559202464924,-0.6845870267581756,0.5077859660979579,0.0909464994186181,-0.3699779952093519,0.0689722881899891,-0.8261927532075719,-0.4610598132463882,34.95897185164527,204.802721920996,65.59838711954009,2.4538673661012345,1.3138406533030942,5.939288448153346,7.663228801665321,88.68612876796195,0.0822852710875224,0.4868948855261493,0,0,1,1,1
41.94904429269669,22.81836998091532,3.963339858094761,-0.0059383033562123,4.665442047717502,6.2197966714883925,0.391967450948935,0.0901226098862776,23.82607839028089,4.007356566634847,7.523138642242851,10.223545259285444,2.026833283199169,8.085668410132145,8.913544371294003,9.16500815262268,0.0426487571227177,8.21929286547005,-0.9317140777729938,-0.8887589496530328,0.6057826810412126,0.2424155152724142,0.989810474269905,-0.7683385824475313,-0.0341614110516644,-0.4036432807545397,-0.7223454795418315,0.2279138632544504,1.0009312544355045,0.1907796662839353,43.69644080887603,246.7965420041693,67.12672541759008,1.8335290131356423,1.2943558317662962,14.414118946318748,3.5737158334991044,78.43495382342239,0.1552212609514465,0.4914707825521326,0,0,1,0,1
41.93186819766572,21.929121222986232,4.027112683282942,0.2185555930543608,4.889425924351004,6.051753961048784,0.2391062776173418,-0.3037939561626629,23.910440172419285,4.125307672667389,7.752087542783952,9.549138817395283,1.85081157470488,7.867691711496942,6.865937200985827,7.441635599492239,8.091010601290975,7.452357607584276,0.8673193409519677,-0.9694993351536187,0.1282176776749835,-0.0620587262412985,-0.0566220117461975,0.9514110186203436,-0.8816772092378243,-0.5252406447980666,-0.013035619860767,-0.3211918654667407,-0.2029348187434483,0.484497791711025,38.334177107929136,202.74306312763676,54.28891354655238,2.1454446986290505,1.2956583856722297,21.72237231090085,4.64967061555443,84.28085628264827,0.1183922915731874,0.6521773938915738,0,0,1,0,1
41.85241292853915,22.66402844449348,3.805447096648,0.1219866102668022,4.727378935046595,6.12773542797606,-0.0127147078372242,-0.2901855782222448,23.82463908405781,4.209772828375073,7.994156718829203,10.232534536476726,1.7908941028651897,7.99474784134603,0.2586981913212565,9.832980121426528,0.1548221711195094,6.068007035557719,0.6963112891883747,-0.6921689745200199,-0.3067293388345616,0.5261609278183719,-0.5673827843724797,-0.1923093075050044,-0.6448576345312982,0.8830294949079495,0.4039600264623868,0.7668883686418948,-0.3915056645916743,-0.8912526306801183,35.07383522474889,194.6100104202481,53.69875875158709,2.201145073487302,1.3045367405242283,19.76591020956615,5.356092442409013,88.71149228286383,0.1089490373537374,0.5839901093625868,1,0,0,1,1
42.35584364221269,22.770161989909944,3.889364550930546,-0.0761855119191705,4.61113233916657,6.076530710295498,0.2249865090606481,-0.3485543947762082,23.89141151565226,3.944665645656171,8.022678878393338,10.137698200502289,1.962359512245436,7.979282629318844,1.5185977469723688,5.269562102131086,0.4817736095613634,2.903875470376514,0.2309614044992489,-0.4949068012564459,-0.4845732501484727,0.9718153445126582,0.925125722466592,0.1450571793607017,0.571341431830207,0.7787691303969076,0.9731172171305916,-0.8767093391887204,-0.7850667787331219,0.708150939897008,31.49013298337895,255.60979589959092,39.13336802705796,2.006955608796617,1.3137043538851425,8.243667448157549,6.864423871418745,88.33954655266271,0.1480169691724359,0.6379785243717222,0,1,1,0,0
41.75673181913992,22.18340702164272,3.851901978733568,0.2594473315473034,4.792185371495108,6.059690362796288,-0.1565197194837178,0.141406471922157,24.22646639377001,3.798417660914359,7.932048198470495,10.069482242250428,2.157281242399163,7.888090742942106,7.124214341172214,0.3494908873938477,4.876429888056474,5.523596532527947,0.0989634889164677,0.4178661733959503,-0.6450128745362566,0.9398461640615412,0.2947580020343289,0.6467345648299951,0.1209423052119777,-0.7977292311135686,-0.4542823834806681,0.7591821078298807,0.8969429710833012,0.153409803085026,32.56695163365294,239.97805974268343,29.84093654936093,2.023662372366168,1.339334891231419,20.408756055846737,4.10528488440613,85.02018063177076,0.0910262287283709,0.5556331523597535,1,0,0,1,0
42.20817696995738,22.358294669879825,3.653947453903131,0.4001657236501718,5.261387787188733,6.009201277347268,-0.1282228520449289,0.5648661182006093,23.545730109863303,4.004021293373819,8.035924454526384,10.403544286135723,2.0719477950253578,7.90027322084231,8.775020463079784,7.106672686099295,8.424023837838092,8.074576642199416,0.1909809664303993,-0.4134683365010823,-0.5635678219184632,0.6869550643801968,-0.2470214074327759,0.4558358814251996,0.2738238876839155,-0.7563664046585087,0.3727775769973694,0.0546153149911023,-0.9196505147571056,0.520045844236686,43.75409230758736,252.98036488809245,72.30378090344158,1.769187156726071,1.2705252245311485,11.04553400992897,10.950851727663146,91.60874864472883,0.1473392455963428,0.4418067340284666,1,0,0,1,1
41.96850968773092,22.306395370791645,3.99490117428296,-0.0651476421410569,4.773578820068341,5.879228213752609,-0.0686411853686075,-0.4171584877810008,24.00426905569428,4.0597595560643525,7.845308831193314,10.569620494406571,2.017403296078477,7.79277128560496,6.293995691597208,0.5379420016251877,1.054486857657391,6.088500077884277,0.5391335775014139,0.8377019695394812,-0.6567985380706812,-0.9702364978923592,-0.7318373727010931,-0.6523294958733529,-0.1939386590882282,-0.3470289128653426,0.4192285236150996,-0.3462300840878024,0.3121009706402603,-0.2009236501555066,31.41424329968588,257.1132809658551,57.07898406216971,1.525776250904127,1.294414072675545,22.500173994879404,5.01456186410668,79.32378882684144,0.1382546294430926,0.6302852561357108,1,0,0,0,1
41.81155687824925,22.04946689351444,4.067671488387192,-0.2977734020186469,4.7659881953473455,5.706865228531581,-0.3538100607478798,0.0733492815784514,23.73274886125765,4.040456081524244,7.99642100459833,9.707079985400862,1.9909491396071328,7.753379738997029,9.624402464581108,7.608651577821113,7.441530965887684,7.382010204769549,0.5058207935710962,-0.018838221678643,0.7580405487270792,-0.7040687854734416,-0.1109516197464252,0.8412545965505778,0.1307294627275311,0.7530535414964284,-0.4575868134237377,0.3922621359403404,0.95400626232692,-0.9119273297570922,29.919994806135904,222.5669459150409,49.11781042913765,2.2731530884551114,1.2654408185561936,8.875782600467097,4.145648200928498,88.33411056778365,0.0870224826694066,0.6179268702785712,0,1,1,0,1
42.135620351477904,21.822012957807083,4.0058381007871136,0.2093922090390292,4.515396699660706,5.8631016538774405,0.0914648562173531,0.4196442949093494,23.78190734259151,4.118227223584786,7.978605706028304,10.58267367842689,1.650555666606949,8.018924208933871,6.071561321857151,3.0151289811156525,7.510270685188589,4.266930603858975,-0.1864108925561263,0.9384770737097566,-0.828191882847948,0.3624718757662127,0.5857946465314249,-0.7992910574381814,0.4961939559138228,0.233318652944959,-0.8606987813441583,0.8964862877405722,-0.552968266895435,-0.1998056503598084,34.60269879276746,209.85658952841013,49.66237465129929,2.137042784438554,1.275126212302268,23.018154605339813,8.741869488296139,86.86576484272484,0.0789546603562574,0.629586096505585,0,0,1,1,1
41.269406300465135,22.34208160430448,3.83704879943529,0.0528451355663076,4.511940693986889,5.94695249190596,0.0067438109802106,0.0537187162088595,23.586559372053323,4.239382189752271,7.880621043053606,9.497659161864028,1.9781953160073071,8.006875061805292,3.4650993839918782,0.8435312721663828,7.501584353499468,1.7340246525147982,0.403945482399179,-0.5839178007614989,0.3597115663418865,-0.5384115576953766,0.0428683649658735,0.25904088267285,0.8345754409564216,-0.0384145771184196,0.7922280492388304,0.0581805435844538,-1.0343642629695038,0.6241734357328069,30.082945602556286,246.01079005291356,49.262780207362056,2.0977464374180905,1.284380873023786,8.636169313338995,2.859103882028205,87.99766797294882,0.087661085351907,0.6622286345917432,0,0,0,1,1
41.58552248446093,21.100892630295448,3.5552851664125606,-0.155420705842517,4.701708699426118,5.873712594503363,0.2486811594374324,0.245606041921627,23.742563212034906,3.641215777361608,7.886658978388989,9.82005358182488,1.8685730075443885,7.860456219220351,5.264212972713288,6.073563295917515,2.7977343069146565,7.235518175946429,0.2020339520346862,-0.2597161404005607,0.048911144304828,-0.1440640332056441,-0.5604283901270158,0.1623526048048713,0.8768164631346054,-0.0050507952070533,-0.5378201437252983,0.1971290193146735,0.9310853010826776,0.6547781900706915,42.42667184680565,259.9123759810461,55.38813843717122,1.9451764617620872,1.278016568017296,10.141921787902234,6.794549781497657,83.14188781792993,0.152243307036245,0.5399522777091696,0,1,1,0,1
41.58027647154466,21.23985660387969,4.090192526955296,0.3020190213681194,4.447674291681185,6.216302817259948,0.0075083682973642,0.2183610678149291,23.795479737220283,3.49554441650241,7.969606523536792,10.31804314560138,1.8212507961832567,7.92240700621851,9.354184732653415,3.771510119433474,8.55294624047983,0.1121565925024493,-0.6420929537551227,-0.6237710728192813,-0.8442987516395124,-0.9504042731079996,-0.0830494768388052,0.0355692319657638,-0.0436894271946085,0.0870265451258535,0.818101469603196,0.6424306327785233,-0.8722393221005893,-0.9510482899234644,27.501778196728072,190.3826372578089,52.84091801391538,2.541016518694208,1.2931998206696604,11.5388420050939,8.066893231978858,91.02628040763044,0.1453235049560161,0.7782837720786235,0,0,1,1,1
42.3542969715917,22.201637281518583,3.806659621859468,-0.2388192413161902,4.7824882400094095,5.537191186799979,0.334688377124597,0.0883493472755114,24.05493072893358,3.6838792118381662,8.248913032071052,10.669449673308325,1.7358243289245363,8.154280358980753,6.668522254441651,0.6555971031262857,5.140876155837335,2.5662433769682944,0.3700956187336779,-0.5833841953164647,-0.6474093900218794,-0.7567932178841058,0.3806574064725389,0.0734127977009336,-1.00599773156535,-0.5403901801442247,0.8965017626519014,0.6911368069746149,0.0195293650356362,0.0160579232786403,38.23939678901269,217.1883824650617,56.52943486542718,1.9945587966085112,1.275090579713926,15.157948320067618,7.285842014374423,89.34845387564225,0.1361968635214223,0.6522408170977487,1,1,1,1,1
42.10138666624351,21.703879577593597,4.19514267553385,0.0002266522363786,4.899076325626446,5.569253885241707,0.0893963434019703,-0.127717165029006,24.140185736959516,4.124617469577819,8.047971549169858,10.145892998005069,1.8003118294246565,8.32465133810561,7.387635116082194,9.577751679685004,1.2495401913517372,2.478112207612204,-0.8478994049988716,-0.2255259220267463,0.1400051184909672,-0.0688739256903105,-0.3249355642188379,0.083524900310357,0.8080276011723251,-0.2243871628165948,0.3766218438220174,0.5882311879942733,-0.2055743993308841,0.3976040904087139,28.75807177596833,229.983631897498,41.82251759087551,1.732329084446747,1.285054564056291,8.576821370155987,11.019161078378827,83.5606164084398,0.092075137447693,0.5703949795860546,0,0,0,1,1
42.34202035394855,21.58145493319248,3.9882559145790735,0.1339609520822134,4.801826845585318,6.218835909504295,0.0958006286785517,-0.1722619159394216,24.24523624432214,4.038866692667646,7.970531954675699,10.289177626916672,2.0498901891860144,8.079845638587866,9.018828914820784,4.6029900614585575,1.9673173082050828,4.587554477482852,0.6830370707122594,-0.574082910369209,0.8678379593780854,0.3893895728555814,-0.7731004557396235,0.2380959999125204,-0.3036373044561956,-0.2469663998012962,0.956887355882094,0.1409232202912192,0.7002715024651021,-0.9376339368678884,26.44458696544956,191.79624074129435,28.662280205369505,2.393549065985531,1.3201927386569607,20.066258637585143,9.16325343476028,87.37139593137817,0.1129292723840357,0.6440657021327038,1,0,0,0,0
42.03287147402336,21.791780783375987,4.000395368951162,0.4598620066908935,4.492901865118628,5.827790065566885,0.2754361873009123,0.2040073013804179,23.73689748016039,4.170880400224144,8.068243168498407,10.450082382700296,2.0149019187653545,8.205126422774516,0.3955104127116091,7.670293141430033,0.7332374885850114,2.7812872993471247,0.9264558529812376,0.8491828701811681,0.4657380441194788,0.8692850431769049,0.321527174897716,-0.1843697293739465,-0.8648569319776569,-0.2607919760137462,-0.3242269980466086,-0.040768912393904,-0.5825298289927267,0.7746457405197045,33.28859624934073,235.16273671243323,42.19898181581851,1.804984257984105,1.3397346622347746,20.01580462359576,8.447199773818177,82.97405500507047,0.0744244746239543,0.4118016128933591,0,1,1,1,1
42.464591788507214,22.160108288974413,4.2442589891370295,0.0401875141740705,4.742882432364609,5.933392476189248,-0.0620781982755131,-0.3095603112618063,23.862374762245278,3.991933217957192,8.149072144815575,10.028057048931585,1.9674592596861815,7.825761393998474,7.272644477638309,4.752857941870624,8.004991742622764,6.926055632645157,0.94490134939537,-0.4123096396802599,-0.0176113162026259,0.9102038306905648,-0.0685328313194925,-0.5257742498404214,0.8620667083405477,0.4827391624011025,0.9221780819715392,-0.943005061547912,-0.3991363100870986,-0.4596366847075672,31.052806812736293,232.98974879302028,32.91415253496868,2.2569294251269856,1.270255045824837,13.507129925399672,4.472060737388768,88.47725349199456,0.0935831504056187,0.7350525764302507,0,1,0,1,1
41.96565828846034,22.073877953700062,3.8476350656682303,0.063110134062266,5.067971674775644,5.844381042833457,0.2343620286547689,0.2996195266975568,23.6462928117182,3.70898907898189,8.060392180034352,9.835777743169938,2.3737206438326006,8.006961508099966,0.705475744238706,6.7159486183940365,6.359741257982657,0.302814409578412,-0.8695044657359027,0.944097932396917,0.6898473510922962,0.3022264933171977,-0.6711803267292484,-0.9160599054421894,-0.4817933485517494,0.6742220766298995,-0.6743721031932679,-0.5266079978063777,0.1730654068060471,0.800203003811387,33.57774862700421,232.1811204755016,61.35655984409637,1.5007885445772378,1.3349482744072814,8.290507447856248,4.335804342223592,81.68862823971388,0.0734038122896831,0.4467598069643235,0,0,1,1,1
42.21737753361694,22.22424272709822,3.968292461516709,-0.2754057184916895,4.7803801202327465,5.687075574532839,0.0286853133714986,0.1743048772175868,23.559283982197076,3.693496344634067,8.315887578338971,9.816472108148623,2.227189569188764,7.969200466960434,2.10451046470622,7.854353459122798,4.932313281112617,0.8320475895264614,0.935493319559318,0.625317809880879,-0.4638883139137014,-0.5459845476126646,-0.5052793199628287,0.2016631939895821,-0.8945096437611485,0.4692149563219728,-0.0253066754274286,-0.1439011351592937,0.1978037656455022,0.3496192349070923,26.34481268104073,217.1751574756132,66.03679204078651,2.175995120043447,1.3265729962983297,14.880233411986111,3.1846170509448184,78.19095784170233,0.0972897592046732,0.6652363791691611,0,1,0,1,0
41.79786296830216,22.478768581639883,3.457477487237912,-0.0448367079494966,4.475738521579827,5.904689239713295,-0.0597640178058408,-0.0716488755815016,23.699071559101284,3.780571270074237,8.458382253363737,10.560238601248406,1.7675868359487434,8.316423350260713,5.421372681057144,7.450168723262459,0.2863380710750861,7.634741001711092,-0.5687016584914588,0.6749584022039061,0.3361317957804449,-0.7630123099309323,-0.0742132109220079,-0.653636990838886,-0.702221806506175,-0.7897886003477469,-0.0494251434068992,-0.2730652894151403,-0.6201160229607359,-0.9445909955727958,39.121162292760616,219.2363526815828,37.884782409458985,2.473419421529464,1.3061616321352447,9.422952202213867,4.691197526380104,89.24386324510745,0.073973100587871,0.7769950310709517,0,1,0,1,1
42.087360826541406,21.81821335254249,3.9631935201601993,-0.7463466172686993,4.717548481161535,6.193873860481611,-0.1262805111133116,0.0105052736430632,23.658333668185424,4.072088335258554,7.956695360492765,9.718227537795398,2.2665102935330257,8.185786402706443,4.423736712439904,6.870128955298398,3.651036089857513,4.853939238178891,0.6848057037696738,0.8133351581621407,0.2980494873796605,-0.3567414873972935,-0.7309008497069253,0.503325087117534,0.1967648117047952,0.6115669937353913,-0.0492316922073541,-0.1578604032725748,-0.398086713531501,-0.7825775617765586,37.49887540815664,238.30964075908767,71.59563662987279,1.8067591188870613,1.3360168964692345,6.265253436413496,8.030138633645882,78.79985807080662,0.150439676898575,0.6013274416866206,0,1,1,1,0
42.290153436731686,22.24698869110282,3.9275304884907793,0.2225466883170379,4.743511068664152,5.783617126257373,-0.0806575583821877,0.0169053967568649,23.991566966256755,3.9632943655685695,7.7581602577520785,10.017022504989043,2.0226912080113104,8.03716752578055,4.642146366758613,6.936087898572713,0.1858502712625117,5.937551324225527,-0.3102174789239338,-0.0032571757982048,-0.5697988258023591,0.3278934597176179,0.224668307192496,-0.5261179102126953,0.5226853640939462,-0.5549678828110951,-0.833562560184055,-0.7852607816440642,0.8224904979509136,-0.1496584395560138,27.33608215467904,201.8527696295956,35.475961215626604,2.0008616247894624,1.3326750038297812,7.089606335079162,9.202679239473955,87.62196206178379,0.0786178778797022,0.7505775138642041,0,1,0,0,0
41.41579725775775,22.489228902833275,3.8378942740356745,0.2570926610948358,4.748215463371479,6.0057551128162,-0.0370195298842437,0.2424258408466972,23.5616062070188,4.121568067747002,8.22026603297791,10.214902024162123,2.4649397828646835,7.89421064745506,6.43958829847603,3.501973988732117,6.630493724858376,6.750087264807046,-0.7432227459903523,-0.6720180282499412,-0.6931951779964818,-0.76627186399529,-0.9229283313535984,0.6476225549009114,-0.1598599059080435,-0.7745647590612518,0.8033606714027497,-0.256389205650299,0.2099122942136773,0.6199874996464136,40.88768450185712,187.9174898726965,38.56906975397923,2.4406203641971844,1.2877175429662937,24.46090699028322,11.797343347738597,81.75586428634979,0.0736880400024901,0.6679240479980442,0,1,0,1,0
41.722233028832655,21.943166655459283,3.971268094020577,-0.0495241695009138,4.768256653221052,6.015134708122678,-0.086459035821466,0.254542946794253,23.575627683683205,3.855805978306021,8.55599272484471,9.688602593503232,1.7292490650580483,8.146895349000243,6.936049560305745,0.1201168803230852,0.758002948588219,0.1912355416606318,-1.0074897067133497,0.9344105196613348,-0.3101901226570298,0.2935906849077633,0.1794687219931012,-0.2067372434039249,0.2483493825768248,0.2118273342624716,-0.946224162176807,-0.6214696742487772,0.0566891891205581,0.7750141713806759,29.276024213254654,188.4410917120961,59.15347875950621,2.226800132420067,1.33604850972639,19.593568272944825,2.5204583875613142,90.37943243500536,0.1476407646651153,0.5684617218936255,0,1,1,0,0
42.107298409989326,22.032252986431285,4.181308831421993,0.0216756144713747,5.173466997324314,5.712317766641088,-0.1030341798184035,-0.02530377939079,23.89741434761541,4.253592097420618,7.995120286552769,9.57333110514814,2.1685027792910008,8.150991753228393,3.610907623528864,7.455351342440177,0.2484282740366791,0.2515194387952002,-0.8642002996784585,0.8307434791208161,0.7654029766748575,0.7197244415595012,-0.0741228063646212,-0.3327179613912734,0.3240532710531467,-0.787305190195086,0.9488217413073484,-0.5618334557959652,0.8974463370037704,0.9139631943019204,44.41809422899739,209.88845276272477,59.07303062585856,1.5698892946663103,1.2916997877453125,24.27635322376361,7.389808744501206,82.03031304668782,0.0808243866815746,0.6673407692689817,1,1,0,0,1
41.614683889178245,22.737939575251986,4.098289102178881,-0.0687243092765129,4.534498185275265,5.835637034315731,0.2605180793572463,0.0275323881736092,23.699406396123667,4.101937846244931,7.837120362510735,10.450252909084114,2.270560106979345,7.906685185759445,7.86798023626933,5.058816310936111,0.8888695069945348,1.51851464475372,0.2001221687519793,-0.0219083767745127,-0.9283941442859206,0.2271310468715786,-0.0589664125340404,0.681107364601491,-0.6094453822440971,-0.5604691051820053,0.1312356254279723,0.9589913175102333,0.8194151325620029,-0.6912336234710474,25.806504794419013,187.5814776827675,25.33940870117949,1.6682375051229688,1.2655192006968368,24.916047355598373,4.888099699540896,80.08975217736946,0.0916896632196326,0.7557277171852512,1,0,0,0,0
41.3241619815806,22.16798408672029,3.945431090731974,0.2910525247703577,4.542222918312252,5.8761754103500135,-0.301305051607823,-0.2008581126988506,23.573127410310164,4.199194735769289,7.860347630249722,10.037252705423384,1.923847319227639,7.746106946797437,1.962290124804584,8.351476904746486,2.690700443491936,9.6609403165916,-0.4172169446120821,-0.3039987134511595,-0.519120037974562,-0.7879754765227718,-0.1034921662287412,-0.3253108714371338,-0.4808814382987363,0.0909074631534466,-0.2613475513548115,0.9885793319814108,-0.9436344307512722,-0.0200819427720478,42.42553976242314,195.40653059668225,29.88093802675745,2.4875753870312285,1.287991637091792,16.026347813256283,5.595431445200035,79.76123270884472,0.1230398480452955,0.5995535236724593,1,0,1,1,1
41.931598281957086,21.29651126894801,4.08045361544026,0.396298736862213,4.783507586100662,5.818670290969141,0.1915987882960038,0.132709123699687,23.60430764068468,4.076285123506868,8.199453113531774,10.354567012767667,1.986710204938109,7.928384110764136,3.3424763311014765,1.0951150609168534,6.827611679296501,5.627076213186748,0.0788892010379603,0.2046533095882071,0.3743739278561222,-0.8026975403297492,0.7619916324692406,-0.3600370371377522,-0.5403867636261198,-0.5903868374122238,0.9767162983302804,-0.5840611260750848,-0.9056680746443688,-0.6991643421835175,35.41310707468223,239.3760807296906,50.486775500196856,1.964690369033967,1.2918469742588985,5.528938051953349,5.355572016966572,91.66428220534291,0.148620001860438,0.5251636654730027,0,0,1,0,1
42.335906333566015,22.141526581129327,3.932137762572368,-0.012401161442751,4.765824685220288,5.839513992027032,0.1157857297142469,0.0920084647720932,24.117612057479143,4.251069956057695,7.862865016481974,10.24608951235269,1.8098093233811057,8.13918642018817,5.134794966025379,5.948447661824378,4.188921445419323,6.349811199857994,-0.0662528308710738,0.5453413074061243,-0.9737607443776448,-0.3128524996551275,0.2129606957983044,0.513957004558526,0.3041136621692266,-0.4537960540325185,-0.5752800317388506,-0.201584450794019,-0.4074536340406213,-0.3889637303155298,29.121475598743505,215.29837352733733,28.250039447444426,2.407839242665281,1.2700752512838,23.061950140986195,10.642306022615571,84.50415870214944,0.1369931383873591,0.6353891280508983,0,0,1,1,0
41.90913442686031,22.67304989725713,3.961339154710406,0.4414755247709682,4.757533412416337,6.141446274760855,0.2950224728619711,-0.0386855257162411,23.85320160703264,4.25777268504126,7.973399367213987,9.603732315248152,2.428601410916982,7.906047107132572,6.615299372688938,8.032515863873353,4.81715527922626,9.01878059440533,-0.7345691812223477,0.285734274119984,-0.3119483089161414,0.582292463411495,-0.049537078498899,0.8468117849375636,1.009567633629486,0.3931950295677144,0.7778792660628862,0.2643346883270775,0.9336336603193858,0.1083484931328254,28.12662876785677,214.96269803598167,44.844469654451984,2.317898696601024,1.3064589711837882,12.762661620044986,3.707602834503856,81.17571943255693,0.1217950916622153,0.5609067458619211,1,0,0,0,0
41.6131558238371,22.029224740352824,4.182524064508089,0.126515079900929,4.749973899506323,5.659666828342517,-0.1619449671534568,0.0375600676085044,23.65208899552641,4.040671891999754,8.136348681763028,10.288750865740033,1.754764128437463,8.43932921099579,7.632780513226796,1.8044141470703885,5.798858186544354,0.6519596818033362,-0.4152856201017825,0.3589564726898416,-0.0458352497830732,0.2038472732914364,0.0331887608856621,-0.0178041195424026,-0.0938858030180923,-0.3827123753522548,0.6367628421289371,0.0660247067732202,-0.8227917444813733,-0.5510220815104407,36.43657542365382,200.29139794731003,36.403090845001,1.512678615458284,1.2704272578855258,11.185362229993906,3.1687876059093902,91.80201816575313,0.0977769383671555,0.4495230997468847,1,1,0,1,1
42.11472999470776,21.34391839940224,3.9205769336864296,-0.0124415333997443,4.54209691699839,6.359333040335003,-0.1706990960122683,-0.1338873827266981,23.61386221955931,4.359696017427623,8.110581045719897,9.719022398126908,2.221246311771994,8.040139738857775,0.3123974618088537,3.871191094303028,4.90417653629269,1.5045517238193458,-0.8485004093081449,0.1313869896094205,-0.2283928819871505,-0.7190504974538713,0.0515610679528798,0.7907368641280076,-0.2552815211186701,0.7090612883718768,0.2199506144111667,-1.029606311882105,-0.0145364352391225,-0.0999862945595893,33.871994026363744,193.68819827307212,68.66271783458363,2.27540224600447,1.266816038204773,18.00184902279863,8.536564764056205,91.3870964310108,0.0702718784220545,0.4942143309262067,0,1,1,0,0
42.2808168503808,22.38846835146576,4.006095282784126,-0.269175901848377,4.631314730738346,5.890042128072393,-0.0630532667832511,0.0536100855179506,23.95255868754942,3.989776261396925,8.003224957580095,10.042991891500002,1.896818937373532,7.814921548471409,2.679741940184517,2.948938416094733,3.355240280677889,5.784136842447582,0.0550376026907656,-0.6178290429231267,-0.8642184350464159,-0.0812007481928768,-0.5247467173520668,-0.7689603042916968,0.9500718732363655,-0.7577405697906993,-0.2717234644542821,0.953034168068464,0.2674801570068676,-0.3939044936516328,28.135258951985893,214.11248451935785,51.87084692999035,1.5247547601715552,1.2955290404140325,20.62712436790401,8.800460563742698,86.8921978440951,0.1518599885593482,0.4068521637335874,1,1,0,0,0
42.430292900805625,22.142377296692786,3.607342170432205,0.1382474596211595,4.97158473946747,5.983786578912917,0.3489167740150497,0.1719667122934915,23.923178484954363,4.217276142241167,8.066673970252175,9.252156850181391,1.9001722097059268,8.239433605449571,3.3040220112613525,3.3835504852042835,1.3303259484209642,0.1734947856361164,0.8920471713026132,-0.8483947286799809,-0.0548341186312339,-0.6324888598220775,0.4749970601082913,0.9323928487392878,0.4353848681628779,-0.7639539030936029,-0.6696797320736397,-0.4585349746124741,0.1577171248609789,-0.6193236383374912,32.86340869128529,211.02114628238,39.3433437491397,1.7954375647662633,1.3288850349183776,6.397238413693234,8.776111820995942,80.41948072039034,0.1010055304054657,0.423386352971238,1,0,0,1,1
42.26826983235028,21.616838737609285,3.947090820259056,0.1097279958278746,4.373591201780718,5.523018898209884,0.0692234657595445,0.0984028561133797,24.22236783649429,4.031618975173362,8.16394794345162,9.941358206924209,2.059445444317017,8.333451368349907,3.922281139411278,6.088935910034102,8.334563105926028,6.649729801348522,0.5497978558770118,0.8036148319226334,-0.0215151308106981,0.6679223544611433,-0.2566200890677307,-0.8833937930977476,-0.4534762360232692,-0.8855366195321963,-0.6573348454439463,0.6230490215442679,0.6312205137970208,0.8713901851087311,44.86327477866957,188.48736399583615,36.652659399242935,2.545417726630302,1.3366662149185111,6.95414550773517,2.149985003771367,80.25540032558992,0.1596411505044023,0.468399854312061,0,0,1,1,0
42.36057950086186,22.00439422131604,4.011572809485351,-0.0796777899787234,4.898794857432048,5.915760236677418,0.1952862754396136,-0.2264298281432013,23.589740558578168,4.137485351025301,7.982291157083398,9.863832575154062,2.178011546495092,7.878547717182783,7.807703636546106,5.733019262534402,9.619870512164242,3.547596372184105,0.4219746333248321,0.132326140751927,0.0887634154166645,-0.1480777996471756,-1.0346552223189605,0.4354256177124136,0.3668341542378092,0.229808870814005,-0.1890587037153984,0.8653595759652821,-0.8451312036429519,-0.7379663963450958,29.55556683235603,226.70866138464123,43.573166966723576,1.9938028948520687,1.3029735457283222,9.070710449636096,3.557516228655298,90.32590664023049,0.1090351332548279,0.5565955716603649,1,0,1,0,1
41.99928932516016,21.728196551953477,4.398407327191862,0.5501689638073126,4.588320269354531,6.111427523680696,0.1498565113758902,-0.1194957716048806,23.510415502224166,3.9975403101383886,7.9654308650371775,9.869270650908817,2.088463373632897,7.84985407859888,6.109444544783518,5.552840557661266,9.29575214290929,1.924235679751808,-0.1845907202350191,0.3614197605910108,0.8727819765762639,0.0917807147716623,0.2996873138834215,-0.0597678894800496,0.1876783437161591,-0.1529047138012579,0.6621911691962752,0.1246427739518809,-0.6463197887697181,-0.2343132847369498,34.42345118756283,225.87213007181631,71.39503149310136,2.411215960161811,1.2858382986691046,9.745087273142746,4.626336123660736,85.06189455601299,0.136964450610572,0.5912232987295256,0,1,0,1,1
42.04542221718744,21.85365727051236,3.876367910263274,0.2695535113654693,4.596738207257152,6.36927918411985,0.3866719495428714,0.0513501597323575,23.80722079190848,4.206131961648312,8.218959700445465,9.758202480682176,1.8946889733726595,7.735530513063341,7.399141912810258,9.606346303474965,4.350671025711545,3.074409610738314,-0.821799144438462,0.5919634159420334,-0.3635461120362803,0.1689746567358747,0.887446534030156,0.4808253142916867,0.1635738062255904,0.0160666963068888,0.369978308962093,-0.0812479140903466,0.8765813010589053,-0.0586890993960606,36.987271034765314,213.5007192386124,46.59218461560148,1.5593258411249584,1.301323720831141,15.094789507607034,3.4954931855694453,79.45375140555299,0.0811215241539541,0.4383907336666782,1,0,0,1,0
41.62665406503334,22.22491360686325,3.8584895429411783,-0.1616370913730132,4.617862357703404,5.774869006439883,-0.0082582723569322,-0.2949005374096471,23.99888532282618,4.0110005872066745,8.084486994580288,9.860143416416133,1.9265592131576503,8.057512781033466,3.4866811786059584,9.18745207805211,4.437689487360252,1.4088193340313262,0.1448142444500677,-0.5546056843782755,0.6117679609138059,-0.9400971831471404,0.1073889511342759,-0.5416788482032058,0.5108238653487204,0.3591786663594377,0.0684924900449851,0.8721027272646701,0.7753499415739444,0.4468700902960433,42.91624202797158,184.62305576158917,32.03266696168334,2.2882951303722345,1.2949825318595694,13.070972416273769,3.3696663454423588,85.09478057004904,0.0813890780076739,0.5811157733980054,1,1,0,0,0
41.7652938232494,22.426582653206594,4.049496109528021,-0.0028993263940041,4.937697556518892,6.09612171866947,0.2893126582502735,-0.091971852463028,23.723596813818304,3.739778146721731,7.914203856525516,10.289430968290734,2.259997474452427,8.192061033617334,1.468824190571807,1.506774482483151,1.6988926529392587,4.416122718510461,0.1932806130024577,0.1003631142224603,-1.014451812093372,0.6864884556433076,0.4016576480879483,-0.0740287672921374,0.7081512203907258,-0.6912932749280913,0.7695419495244495,0.4754265305270396,0.2010353529972278,0.3477140486215652,43.40393972148548,183.93268188971425,53.6749792467608,2.438992921380753,1.279354218249539,22.52584697047875,2.190434092742918,88.25436480787222,0.1539801899051787,0.6497351114232237,0,1,0,0,1
41.8264620813371,21.961252850053505,3.9883139762005024,0.2479209951991574,4.548698327579226,5.989691558278469,0.3824010938105395,0.2328120305171875,24.07935961930155,4.004886368035607,8.064199512737204,10.300670850010878,2.3120511059061863,7.609679417423423,6.83974285079776,5.054713756442644,8.042076067457453,8.326305448372047,-0.5307615148334515,0.0112306530521971,-0.9307454950561008,0.6931631320755922,0.1961449179592497,0.421005947276264,0.7322091810256603,-0.0634856033624268,-0.3015724332974459,-0.0340168897401766,0.5047097702602437,0.6870833621640706,30.44934368066192,246.54282401481277,74.02353988915355,2.0432317162157174,1.2607760283938434,7.800896242684581,5.220805753162658,86.1001948803013,0.0767584281224782,0.758475773509755,1,1,1,0,0
42.21442369496668,21.883137971074134,4.141491542172877,0.2330795077064486,5.083487774128593,6.27069072952424,0.2693143325220592,0.2887340638332477,23.867799606487,4.006437017407368,8.174563416635667,10.219624285429909,1.938186752652348,8.080964681761653,4.922189574239704,6.982475952544358,7.336978491237764,3.423321517298952,-0.568620712183004,0.4716314778914964,0.2296745238435221,0.2758298631198365,0.5060046771527328,-0.5835749988591201,0.676567702422015,-1.0132432323109766,-0.871169700699657,-0.4671229222822506,0.0487461421028353,-0.5726531380427952,28.4264908890875,233.4081370866588,55.47226486636394,2.20790733528616,1.2670404822009165,22.87069166996874,5.892663968090483,82.38717169002501,0.1116125302522965,0.5482251049840987,1,0,0,1,0
42.22991654297172,21.79305252886257,4.092159448723193,-0.4567002954845232,4.921499812821143,5.88897815441433,0.002433936456581,-0.0185749002786105,23.55521410534535,3.769383133652044,8.193558893800684,10.119697647250508,2.2100098083106854,8.064931647100504,3.655194916914924,0.5743644253058686,5.290249928198273,9.080721684977,-0.2554869346900827,0.1685397679002384,0.0444309961053718,0.6594682314409605,0.0970452791544995,-0.5108679922242612,-0.3423648472624013,0.3606366849616569,-0.3364432057525884,0.3201677887870813,0.2441574063422796,0.3900257484549574,31.57491976699213,237.63469617806223,57.18853040506223,1.866100197200839,1.320389802312685,17.97390085066071,8.374453787179021,85.74798781101896,0.0710250701279697,0.6646727297212178,0,1,1,1,0
42.16761715108335,21.921761311938425,4.068585275464269,0.373040738503789,4.6060296968527386,5.869622283493724,-0.0617920029195814,-0.4209165597530664,23.83713949120732,3.6227742592097942,8.010611862586524,10.259586926840576,1.9046247078712328,8.335423174037373,0.4395264062503124,9.026182185019737,6.9544334071222575,7.68356724263919,-0.7685283501709304,-0.1184092402951579,0.9193285984471496,0.6907447206802724,-0.0252363346560153,0.7052076219588086,0.3926394602829391,0.8173441778101458,0.5402944529102209,0.5569266052779923,-0.5062493322237023,-0.2766012254741569,35.352778713788695,210.55664152362152,53.21505323349151,1.6259861551589831,1.3397592402250045,13.511117553934351,5.482306397073687,87.9429378764277,0.1027509465845799,0.716644235910928,0,1,0,0,1
42.52595844061968,21.81742369340089,3.8319014028986618,0.2061715351185865,4.6747468159800345,5.831710097174199,-0.0955679701407582,-0.0089213064366002,24.077959835772777,3.613182450908084,8.004616131790085,10.187471078396213,2.0386897149983594,8.261973033886706,2.129956077350656,7.986417062944903,1.9055619797482584,5.942488448997116,0.1521287104753367,0.4257553872912507,0.1525198996066324,-0.0487356645590539,-0.5831997420746751,1.010560019811195,0.6670782315774162,0.6905772395916249,-0.4364500022033559,0.646001180670974,0.9044958631293244,0.5147099804315103,33.45736818118174,221.37202898271016,43.49994429799887,2.31485785387674,1.3227349743385663,20.265703804063183,9.226117248344496,80.86306074169914,0.1004172981316431,0.5785412652937965,1,0,0,1,0
42.35032257765833,21.61247751849188,3.829101307452389,-0.1209197604110166,4.816352106970239,5.988545917835579,0.109613384941434,-0.2678978733057318,23.66104653543766,3.976800585535693,8.379577458531742,9.965856238475872,2.2170444527323263,8.007711033756863,9.572170462479171,1.0207039058204372,2.192745016525238,8.304407597434365,-0.5118685621732089,-0.5591963527807216,0.3644033711331462,-0.1226798603806676,0.3846869685544453,-0.7469711463503068,0.2777175927289369,-0.7547864745122227,-0.2351973327610312,0.6509490088930908,0.7779041450634859,-0.2303607471536544,35.80058384521375,216.88268544782497,41.29450716968213,2.0232205340174088,1.3082246025813409,24.719831443413188,11.377645593182242,90.07014141610371,0.1500217482134372,0.5777826896509763,1,1,1,1,0
42.22423349142812,22.148938095511923,4.09003112678933,-0.0313075348314259,5.117002931752771,5.704160796328447,0.0279303348431793,0.013004926237756,23.97217989073673,3.83122922451502,7.651265479520693,10.047046904829458,2.056246098443721,8.29791988188953,3.911367389797837,0.812112386105942,0.698404408539387,2.7620897793459407,0.1399608889516018,-0.864278252159382,-0.7601801821625213,-0.5632710799176953,0.2176442859985285,-0.492041964142164,-0.2433065442621508,-0.5396068941280099,0.9119501114432788,0.236474984583906,-0.1569128659540413,-0.459347274823517,27.695715698348764,219.68603828004248,33.45519502103257,1.6387493649253415,1.3346116573872937,17.099000262954085,8.594900581245842,83.6251113846671,0.1518082802723377,0.6424135860402729,1,0,1,0,0
41.811555180073306,22.643191068497767,3.948589518237387,0.0832657540480595,4.57528354646734,5.800613674719575,0.1376410612905765,-0.0887213660414771,23.63875919202293,3.871363331594594,8.139790614343484,9.811288641638916,1.9764690136795675,8.00300555005742,3.927158544771656,5.303623922031632,7.8899743442208194,4.982099923049524,-0.8208665023110879,0.7500684867962173,-0.8093145370394349,0.1458763909693842,0.5881133832110785,-0.2331448033756894,-0.3279166174534003,0.49545242465703,-0.6293709664035467,-0.6336872091755639,0.273392087243869,0.758441395070813,43.17835488242908,255.35931575070973,28.21596115967917,1.942607593495512,1.2618767217376925,11.58833314748886,7.368682179706021,90.75112902713929,0.1461898890218862,0.4484498961353546,0,1,0,0,1
42.05489833489358,21.582864328466016,3.656465570327321,0.0708427229637303,4.942897170203602,5.954838650184792,0.2872859039117734,-0.1407832650831089,23.598582918530624,3.986553938560774,7.983481484929742,10.230990619400568,1.845007435187203,8.273618847362979,1.873029913560188,6.721975403125583,2.444054054000804,2.9700818110001603,0.3030926422054803,0.1918252699308711,-0.9152673737901004,0.8521126380937406,0.5467766514115711,-0.7136598901223974,-0.3716864465113838,-0.7080887380666911,-0.2534105596263531,0.7149707229867449,0.249092641020879,0.937459702994091,40.41629043328642,206.1776946529163,37.10979460065711,1.6859635240470765,1.3219886721745566,7.594125159800537,6.537537602503535,85.09702162508071,0.1318650921417143,0.6406477232865383,1,0,0,0,0
41.6849440387915,21.51385087763258,3.9099493224443456,-0.2268012058369814,4.806690136694083,5.610694942728227,-0.2235855216073479,0.3078394400349815,23.623879816054203,4.248685655620585,8.071067639118027,9.457219685623524,2.127065839043241,7.97646653956143,1.2444449043174548,9.742755814207568,6.367643263947383,3.664880096992572,0.8985085583436971,0.3498167794357886,-0.6011738400528931,0.7694600287983997,-0.5827236089751208,0.5504124881341574,-0.6952217392651121,-0.0576077948083151,0.2294597204088503,-0.0333651410922442,0.835957281661297,0.1760400960853363,41.9306898624681,220.4132569218186,62.40173696707944,1.6528558957738078,1.2801931050381248,19.63552190075345,3.647340088877241,82.91898308516897,0.0938379632032214,0.5329474438045418,1,1,0,1,1
41.72986546158659,22.70972784039892,3.8169045941819415,0.037937765718207,4.661331011170571,6.235773187407387,0.2622324593207233,0.1728139964277893,23.87075072014436,3.95378809263182,7.76162505916175,10.58305866433666,1.8480653964494893,8.132729269406568,0.3673775364723172,1.5182170907105856,1.542549502191522,4.2301257210708005,-0.4141459396614047,0.1152044221329056,-0.3305779589180808,-0.7546761126216566,0.9806026085325278,-0.4945137218397626,-0.2967089554784105,-0.7079789929762739,-0.917272390676762,-0.5976463995486708,-0.5081753085777463,0.2233140946365997,26.16594407724714,259.87369871390194,62.62012268597336,2.4502936479235244,1.3120958169676278,22.125702560935245,3.1238297492870943,82.86832969783042,0.1488778849244043,0.4766289802814191,0,0,1,0,1
41.90517511166311,22.15716934156572,4.087830026740083,0.2499538293810545,5.018463755672558,6.015601483695772,-0.2615553130295321,-0.069020819363838,23.818336323005127,3.632846248764582,8.277732904020496,10.04271337375314,2.076270566916057,8.273105292505253,7.728691153553474,5.253055740894826,6.4723346628461735,4.195406888735431,0.3150207083167013,0.8221805202074107,0.1163910984467989,-0.6462106867025246,-0.5536732528745043,0.0641114021113361,-0.1147866873179319,0.8447548945804791,0.0338482835648061,-0.5508172240312014,0.2129159775144383,0.8240773880784517,43.98224913776494,259.88938553315074,36.77036244207633,2.299677858480397,1.2902424849786556,5.162163937724264,2.092525224359024,84.44792410587158,0.1139501421703901,0.4085764846979082,1,1,1,1,0
41.65974865641666,22.514590218063983,3.64117129776028,0.1619293538485026,4.696597591397848,5.7658150212385095,0.040476674119739,-0.3113902173412956,23.817466573867733,3.715424618437689,8.092254416863566,9.722692799910888,1.9098011965941384,8.058789877588632,6.449387064490177,0.9460592960945614,3.9515956163640578,6.006792152821956,0.4579070172407533,-0.820921704351542,-0.8917278674532158,0.9099039007223046,-0.6851857548063707,-0.6445512683381933,0.6744827769956518,0.4084854963789271,-0.9522369736095284,0.2149082507049569,0.4676722735230939,0.4457713156501393,39.02282262767154,203.2514375445225,39.87463349963341,1.8259828845686388,1.318045459804796,9.596520835850722,2.0090583524609023,88.01331594875687,0.0854066269451612,0.4397033102169772,1,0,0,1,1
41.81496739154409,21.32600210781641,3.878864000012841,-0.009612711204146,4.525710265171885,5.769663778193132,0.4222592668199169,-0.1721130807627774,23.744915335769207,3.926552599840143,7.915728638445912,10.18640402199073,2.1896285900944097,7.938809113693681,5.417030527098673,0.9534003808758152,1.5662756581181445,4.237150546272513,0.384794698967628,-0.7645864096521636,0.9013086514502422,-0.8642647227063693,0.8207893212016191,-0.0299179683229418,0.0919546107973777,0.1508091331681215,-0.5913740967006089,0.0074869885506347,-0.4223543434919827,-0.0408311004205949,42.985006139631295,229.9002707495386,25.28156563740269,1.704948454170387,1.2679780963082694,12.2664895113802,7.013509936337459,78.60756050009985,0.1013630178216089,0.4680882763576226,1,0,1,0,1
41.84516500743857,23.062278114914506,3.4452370120132167,-0.0538859164216899,5.107043520467716,6.024368892826491,0.1506834946842185,0.0199652630199535,23.676057133280512,3.5516168130982173,8.04109113740726,9.767318018619283,1.8399329187669395,7.900202548804177,4.087391215813153,0.5602614419182556,4.214365536721728,0.0147571784188776,-0.4833020279966739,-0.8959298221834233,-0.4858087813982844,0.8077753311064104,0.5582277057364444,0.5779951224970142,0.2219646743539201,0.7731178153683085,0.7692392118453872,0.7809635268616708,0.6326134548285024,0.6350474396198492,42.81648263021255,187.55699406408692,74.44378560687716,2.5439763330099634,1.26626195845839,23.668266408991094,5.631325902594622,89.82592833906207,0.1076545003941944,0.5675249428269561,0,0,0,1,1
42.37825485599979,22.30833198823556,4.0175947094258335,-0.132082391055241,4.656105079064137,5.784852670311678,-0.0862911289119769,-0.4240174430240349,23.662311078830104,3.937812496729781,8.121976009438084,9.98802206098799,2.158984622775112,8.269827021022685,7.443765966389292,5.800009711208597,3.112759693541654,9.254013269273749,0.3869778812888769,0.999066554036496,-0.8103958466692782,-0.400357297911417,-0.9607691373046856,-0.5689164156304568,0.2630206096115114,0.8186989166048834,0.9560642117611038,-0.4115822168856911,-0.3135823101951442,-0.4431421195935113,26.23011472917277,184.1067497058942,44.0075070978835,1.8709615259194263,1.3174349618898056,19.856430031697315,2.5085396883373985,81.09572568044621,0.0946835665143009,0.6080925539742676,0,0,1,0,0
