ExactMolWt,MolWt,HeavyAtomMolWt,LabuteASA,NumValenceElectrons,MolMR,TPSA,NumHeavyAtoms,SMR_VSA1,Kappa1,SlogP_VSA2,PEOE_VSA4,PEOE_VSA2,SlogP_VSA1,Kappa2,polyBERT_dim_24,polyBERT_dim_21,polyBERT_dim_28,polyBERT_dim_02,polyBERT_dim_03,polyBERT_dim_09,polyBERT_dim_35,polyBERT_dim_31,polyBERT_dim_06,polyBERT_dim_20,TieChainsPerArea,EntanglementMolWt,ZAverageMolWt,NumberAverageDPn,Mw_kDa,ViscosityAverageMolWt,Mn_kDa,ElongationBreak_pct,TensileStrength_MPa,CurieWeissConstant,CrystalThickness_nm,DielectricPolarizability,SpheruliteRadius_um,LamellaeThickness_nm,ElectronicPolarizability,morgan_fp_00,morgan_fp_01,morgan_fp_02,morgan_fp_03,morgan_fp_04,Tg_degC,Dk_1GHz
464.647848,468.922230,456.397454,207.439213,169.824535,129.639301,83.531823,35.043475,24.205284,20.402676,24.727473,-0.005578,18.437014,14.731498,7.888431,1.140192,0.262048,0.683408,0.686148,0.580169,1.020313,-0.548759,-0.243370,0.814536,0.704196,181505454377817.125000,6165.459787,101.946443,205.459878,71.984876,65.222267,37.084515,46.702828,209.365552,346.095862,11.512759,23.857640,2.907473,9.151322,22.915658,1,1,1,0,0,376.007939,2.928138
474.135516,476.734050,436.611739,200.083065,162.368755,127.385470,84.579733,35.407296,23.809529,20.580800,23.240948,-0.017854,19.480649,14.290698,7.910207,0.273096,0.256504,0.009804,0.830245,1.160622,0.659755,0.158471,0.192918,0.807882,1.167505,210794135659038.468750,6010.626495,118.881238,151.233390,72.578842,78.981332,47.631148,33.818006,156.218899,336.519520,20.019503,22.545911,4.974161,9.451765,19.446110,1,1,1,0,0,357.871527,2.866488
462.847348,458.727747,435.256867,202.448421,167.406545,130.510005,87.348622,35.935483,23.686545,20.619797,23.694936,0.003562,19.233392,14.592153,7.610236,0.911474,0.830274,0.365208,0.550284,0.379264,0.299512,0.426743,0.063229,0.936429,0.337581,230658027755473.843750,5285.142043,120.076388,234.269476,85.055046,60.241134,42.775570,34.647734,223.212787,324.575161,20.060781,30.464725,3.532343,14.464377,20.955083,1,1,1,0,0,400.609516,3.664746
465.347234,467.597170,444.331108,192.310156,166.869594,131.543131,85.891703,35.896683,23.664866,19.940666,23.210571,-0.005985,18.967419,14.231742,7.895156,0.304920,-0.006668,0.523153,0.960282,0.820803,0.804770,-0.161541,0.002902,0.565020,-0.051349,139066811099034.640625,6567.182664,119.872168,264.321300,95.069026,75.554227,38.934092,38.237508,182.480929,299.464163,15.164061,22.520015,4.669772,11.859649,23.424892,1,1,1,0,0,334.015167,2.714899
465.274551,455.528580,447.530100,191.841380,165.738782,127.396252,86.455489,35.615938,23.419603,20.935990,24.035938,-0.021234,18.989549,15.561521,7.690818,0.544241,0.252573,0.743888,0.724584,0.472578,1.101005,0.179465,0.142742,-0.119750,0.498443,190860530605995.000000,5319.143357,131.995994,204.600184,98.671899,86.459885,42.928274,41.807651,196.145937,311.927102,18.077844,25.757644,2.443766,14.015301,23.804697,1,1,1,0,0,395.108567,3.217950
472.497891,440.963813,459.640627,196.789989,167.781299,125.425315,82.369267,34.211516,24.113604,21.001399,23.244135,0.005332,18.957038,14.082115,8.040162,0.744959,0.377803,-0.382077,0.718840,0.662416,0.572424,0.003495,-0.234659,0.605997,0.401199,205516025473046.281250,5115.948912,138.123930,227.600741,65.773701,56.068485,31.769542,27.405227,178.136341,335.730558,21.023753,36.767758,4.540870,11.347204,20.480500,1,1,1,0,0,344.673265,3.355478
468.541479,462.947937,421.136193,201.510297,169.003267,128.252991,81.230733,34.111775,23.375748,20.841066,23.222685,0.006432,19.078732,14.393130,7.825736,0.802412,0.631323,0.762724,0.642138,0.644058,0.573510,-0.014902,0.123171,0.853694,0.357212,199513354369947.468750,5652.197148,129.625803,202.939416,79.479091,80.832995,41.849727,27.889737,189.404124,293.818428,17.688413,29.213690,3.256077,15.947669,22.648877,1,1,1,0,0,381.419484,3.356234
455.319544,461.473674,446.908778,201.464294,165.992827,131.713134,82.401058,34.641078,23.896833,20.558362,23.711013,0.012170,19.700728,14.517091,7.367259,0.637944,0.397003,0.254205,0.565886,0.932895,1.150240,0.040606,-0.056334,0.295130,0.425064,195726717430885.062500,6422.873211,117.958068,240.147337,104.685361,71.207396,33.482005,35.927651,186.130438,308.082364,17.000456,29.647994,2.936447,9.462637,20.792733,1,1,1,0,0,378.179831,3.306678
463.467137,443.395699,449.213656,197.183525,165.359771,129.154165,83.994780,35.027171,24.212116,20.063485,24.095047,0.000948,19.734201,14.506002,8.036818,0.178928,0.449674,0.403267,1.151263,0.629862,0.713293,-0.134092,0.059597,0.517300,0.355028,183382415982229.656250,5545.622585,132.215261,206.450832,68.467595,68.340573,52.770456,40.188882,206.034716,296.745971,10.485998,29.355647,4.567510,11.324491,20.992074,1,1,1,0,0,345.289468,3.304642
459.533947,459.308060,459.636419,197.645144,166.436493,126.934549,83.973440,35.044625,23.719628,20.319075,23.159949,0.017619,19.721138,14.390194,7.612465,0.717208,0.389235,0.049566,0.952298,0.956649,0.316407,0.483567,-0.180365,0.870192,-0.120750,194106998052932.031250,5264.616643,123.324073,189.175727,97.476973,73.851546,30.795424,32.380463,177.606455,304.938589,19.566556,30.749381,3.289362,16.368892,20.927943,1,1,1,0,0,386.810714,3.384638
468.159984,457.233616,442.568615,198.076001,167.390189,126.055301,84.089672,35.196103,23.412461,21.247220,23.479686,-0.004009,18.946494,14.775615,7.644050,0.848753,0.706816,0.484752,0.348699,1.042676,0.673774,0.478317,0.354839,0.774568,0.604354,166483735875951.531250,4588.209622,170.106329,196.030651,81.712793,82.114854,45.281099,35.384900,193.657986,299.601393,22.267271,30.924873,3.458075,11.496120,20.695681,1,1,1,0,0,374.172586,3.549010
464.985840,466.297319,459.707357,196.536255,168.551548,130.205480,81.596118,34.617862,23.640472,20.056495,23.401063,-0.021600,19.581391,14.719120,7.840349,0.457258,0.484183,0.379829,0.776414,0.522658,0.840321,-0.032600,0.548526,0.754122,0.612879,172515008580765.968750,5722.722724,156.211641,213.925820,80.080720,75.588009,40.799327,36.559546,162.344983,275.934557,16.356825,26.299985,2.935318,11.022236,21.555181,1,1,1,0,0,353.557700,3.255415
458.133619,461.356143,431.078894,197.877876,167.883146,130.166882,85.411327,35.545661,24.121823,20.673677,23.988715,0.006129,18.681699,14.914440,7.755511,0.373960,0.502067,0.701897,0.581457,0.702914,0.992120,0.291792,0.231458,0.759833,0.026548,187527293921794.718750,6416.909083,110.886192,214.210894,92.033187,84.161166,42.856037,33.374011,170.855600,342.581108,15.065702,29.352075,3.203818,9.552435,22.776437,1,1,1,0,0,359.560946,3.317103
467.967871,451.383912,445.996224,202.726179,169.025968,130.389603,84.622390,35.913571,24.331984,20.660029,23.779905,0.015068,19.066765,14.862609,7.657730,0.379868,0.308254,0.886089,0.689633,0.956943,0.647121,-0.203921,0.204435,0.669559,0.904315,204437509784619.656250,5236.099061,127.193575,244.257853,87.011742,74.713550,36.991013,33.821757,196.015350,322.838614,15.615596,32.520944,2.927061,12.848145,22.761262,1,1,1,0,0,357.013097,3.398505
457.685615,451.802897,446.466950,200.116923,166.600998,131.208776,84.979543,34.453968,24.170643,20.125350,23.272063,0.006137,19.212239,14.041302,7.645264,0.558910,0.820781,0.570641,0.370009,0.595241,1.100882,0.305156,0.350274,0.699327,0.011913,179226678949596.375000,5845.492511,133.932266,161.449368,66.818220,64.601496,36.494837,36.478915,162.183633,320.001668,19.867844,21.520310,4.240760,9.864555,22.593922,1,1,1,0,0,405.966109,3.047594
450.096716,461.298874,459.506281,198.496162,170.953255,129.992715,82.856719,35.355842,23.203033,20.422469,23.144234,-0.014039,18.440116,14.659534,7.674019,0.335071,0.394300,0.922361,0.788785,0.535346,0.367215,0.157666,0.274710,0.466227,0.176367,210137114772158.218750,5156.432394,103.344171,243.278312,102.556637,78.461380,48.354468,38.226220,178.359556,312.221743,16.044362,36.731292,3.602498,10.176244,23.635063,1,1,1,0,0,356.123072,3.391757
455.386299,449.959892,460.061459,203.826090,173.181555,127.832677,83.906512,35.118394,23.854268,19.945551,23.700757,0.022438,19.405615,14.886409,7.803850,1.096616,0.141951,0.698117,0.438370,0.482831,1.229226,0.660609,-0.708539,0.645986,0.658364,148343755188397.750000,5586.471890,115.068385,230.964977,68.674548,78.436917,48.854688,30.640310,171.039844,309.188069,25.282905,28.012926,3.524158,11.127363,22.276950,1,1,1,0,0,407.265434,3.320556
470.116782,461.529472,451.293879,199.280614,169.164236,131.186146,83.397195,35.426344,24.164963,19.772988,22.548754,0.011042,18.400336,14.689409,7.831421,1.183158,0.257622,0.337888,0.014906,1.221938,0.847913,0.109770,0.309411,0.402914,0.506010,186857063551310.531250,6020.888825,105.616608,235.668896,109.619799,71.514306,49.591014,37.434290,202.841216,332.918274,16.851675,23.211505,4.700064,11.557607,21.695705,1,1,1,0,0,379.365154,2.988545
457.459051,456.711951,441.370699,197.194690,163.555522,127.220983,85.407523,34.842007,23.923034,20.764502,22.916473,-0.007995,19.863462,15.011409,7.988232,0.677519,0.467776,0.409806,0.873338,1.294036,0.317101,0.737367,0.072933,0.271166,0.468523,176082296888325.187500,5813.471530,124.126927,205.669321,82.094927,60.044437,50.818272,39.083461,194.448438,301.516674,17.458913,31.335823,4.248460,12.924395,21.297978,1,1,1,0,0,403.189080,3.709967
463.249592,454.323845,446.719767,196.776970,167.352283,129.677133,84.783047,35.190975,23.463069,20.665124,24.509514,0.003317,18.944783,14.286631,7.638197,0.153341,-0.138384,0.570801,0.856324,1.181211,0.192519,-0.177723,0.582585,0.995386,0.546294,184445753847670.531250,5514.085652,155.943314,206.309903,69.171200,84.379578,34.079469,37.521590,153.705761,318.741256,23.849193,26.179326,3.329823,13.522010,22.820563,1,1,1,0,0,392.990226,3.479860
450.868513,464.149333,448.961039,200.173878,162.819847,125.895502,84.585021,34.862372,23.902691,21.100049,22.815725,0.014163,18.462789,14.584343,7.809781,0.255995,0.081756,0.734879,0.680543,0.963784,0.214601,-0.175943,0.566686,0.944002,0.770346,158058357564169.437500,5408.369315,141.329403,218.049106,89.330886,110.412560,47.437323,48.041277,179.646680,340.344752,16.972231,25.371223,3.988793,15.581183,22.679888,1,1,1,0,0,381.136426,3.180786
462.141507,461.980001,433.248579,199.148664,170.921954,130.167541,84.846992,35.757886,24.515750,19.911228,24.038006,0.015159,19.169172,14.759887,7.837268,0.598479,0.405333,0.335891,0.898535,0.867770,0.848029,-0.248272,-0.132051,0.474174,0.630406,220194378332232.718750,6137.413258,129.946957,252.921244,82.480105,66.057729,36.049570,43.486490,187.782177,318.449491,17.831824,30.175069,5.002613,11.796042,25.150671,1,1,1,0,0,379.132044,3.379016
456.630864,466.738271,443.311031,199.728034,170.566252,124.873588,83.048439,35.335163,24.905277,20.351215,24.155109,0.027375,19.298351,14.010778,7.679495,0.965674,0.449925,0.873602,0.800211,0.846206,0.707952,0.492755,0.132253,0.903519,0.577889,133007185021954.765625,5551.269914,135.426861,202.272932,69.888354,73.343267,48.695280,30.594014,188.693164,316.869157,19.805692,29.692151,3.139101,11.130857,19.555027,1,1,1,0,0,383.307332,3.497263
467.289803,483.030792,450.740488,194.444704,171.566701,121.611378,81.815270,36.069990,23.441338,20.737904,22.908976,-0.009057,19.166142,14.566507,7.839229,0.701010,0.594326,0.287145,0.517121,1.013720,0.631020,0.269249,0.427473,0.746365,0.634899,173896508281311.906250,5535.666478,100.474408,223.028682,80.137248,72.109750,48.078651,36.757334,163.904833,312.257368,15.738406,32.808498,2.360430,13.792662,23.021034,1,1,1,0,0,354.396764,3.508578
453.260307,457.427118,445.051332,198.313947,165.950266,130.758792,82.392555,34.621470,23.816606,19.775287,22.780762,0.023835,19.268624,13.978017,7.925452,0.783571,0.336242,0.910256,0.835473,0.578581,0.257953,-0.167193,0.423993,0.226461,0.528576,188454381122679.750000,4999.651400,150.190857,233.933468,62.909885,94.497352,39.099280,38.579392,168.774808,343.507465,24.689356,32.053497,3.939590,9.234129,22.210445,1,1,1,0,0,397.889708,3.684091
466.092989,464.497342,449.028822,200.206996,168.268357,132.360995,85.179112,35.561830,23.814698,21.417552,23.396589,0.005398,18.889535,14.486546,7.838866,1.207050,0.752451,0.695769,0.632203,0.957557,0.489009,0.325574,0.736877,0.710818,0.817146,193845389262583.375000,5344.888432,138.895628,189.363576,84.633810,76.923935,43.203483,38.102820,193.919035,298.894301,24.556750,32.107202,3.543110,12.278227,22.660728,1,1,1,0,0,384.272339,3.495820
434.540561,453.031357,432.448684,205.527376,165.716261,127.390625,80.382261,36.124166,24.184450,20.398718,23.684885,0.005552,19.245652,14.802452,7.978340,1.032770,-0.462997,0.714450,0.725741,0.513549,1.135842,0.559350,0.359298,0.817834,0.297278,144671040768149.968750,5820.443717,112.048589,211.587807,87.885304,80.317868,31.958273,40.072432,201.723709,327.114197,18.945471,31.350558,4.166770,11.230584,23.757625,1,1,1,0,0,366.205297,3.227092
451.621030,461.087798,444.716540,192.820063,167.673919,124.592881,83.582023,35.698348,22.737510,19.574815,24.507267,-0.012749,19.967743,14.167379,7.812240,0.682223,0.160214,0.474724,0.595140,0.363125,1.158232,0.341530,0.218116,1.298659,0.948682,210473533115320.031250,5119.307281,132.416384,221.660838,82.449436,56.630877,44.569200,34.174280,219.894835,320.635705,17.529148,23.444628,2.055034,13.566778,22.586012,1,1,1,0,0,366.432551,2.769131
441.076007,463.422822,442.398100,205.627762,162.542656,123.523362,84.591487,36.621226,24.823644,20.320705,23.784543,0.022128,18.587983,15.321849,7.702590,0.897136,0.121188,0.333156,0.777365,0.721109,0.521581,0.428331,-0.548661,1.113901,0.594041,160831191600068.312500,5511.488237,121.480277,203.696080,93.422000,71.311392,44.447471,23.764145,196.618486,321.436064,18.901596,32.198007,3.185886,12.564896,20.590636,1,1,1,0,0,370.710468,3.368113
473.170397,469.573563,445.590204,194.558169,166.881149,129.982725,81.600874,35.864405,23.998997,20.526355,24.127455,0.018947,19.500274,15.126845,7.992784,0.404379,-0.205008,0.781224,0.306725,0.932965,0.711891,0.426205,-0.293920,1.124439,0.224249,181901864995406.468750,5999.982412,155.569526,202.871361,95.434605,87.579939,43.748314,36.277612,203.736757,325.106485,20.867213,21.063580,4.780799,8.373074,22.049779,1,1,1,0,0,360.687369,2.738560
464.892953,453.052784,438.089329,205.017332,163.524613,127.868395,83.060174,35.717254,24.151844,20.982993,23.173823,-0.014190,19.458402,14.466690,7.836709,0.675553,0.134653,0.829371,0.969808,0.402960,0.786496,0.458608,0.366262,0.592124,0.646620,210039425520768.875000,6343.444180,112.659014,224.727730,98.082822,80.048831,40.754502,32.279755,181.331994,281.398650,19.283966,32.196409,4.010628,13.385066,22.447017,1,1,1,0,0,362.108555,3.214831
455.425173,454.359850,447.334622,200.807042,163.493891,127.480457,80.273211,35.132135,24.061887,20.563795,23.696438,-0.003276,19.296284,14.733914,7.875551,0.458806,0.332928,0.793406,0.397020,0.597939,0.506886,0.365954,-0.191941,0.758975,0.586127,160384376466045.968750,5701.063646,133.622269,237.226725,70.327040,74.826117,38.902704,28.226838,187.194971,347.243174,18.977278,25.092131,4.334851,9.807826,23.437521,1,1,1,0,0,385.639479,3.302808
453.294944,456.454637,436.123715,196.444872,169.643885,128.974165,81.631754,34.860981,24.118444,20.711378,22.722319,0.001504,18.582936,14.066136,7.887651,0.230428,0.547247,0.274351,0.678276,0.173355,0.775543,0.335329,-0.278889,1.158771,-0.050381,175051418758000.562500,5835.669951,122.953551,217.408520,98.227605,79.497258,45.111009,33.866707,162.939332,333.001991,15.053975,25.417865,3.358339,11.375561,21.344262,1,1,1,0,0,383.980930,3.401382
458.422213,458.385747,446.570387,197.460641,166.954835,131.674550,86.065814,34.361783,23.657107,20.626502,24.754468,0.001021,18.680578,14.670478,7.787714,0.385685,0.669644,0.559954,0.737346,0.222797,1.389921,0.320734,-0.608394,-0.309717,0.426006,178839507114312.937500,5372.131882,149.531366,217.854630,94.459598,69.045442,44.179876,38.151101,199.154629,303.704010,20.305240,25.648238,3.119227,11.420249,23.545712,1,1,1,0,0,375.808361,3.126300
457.348585,448.030700,452.737209,199.496370,168.876110,129.477458,82.631789,35.217439,23.695139,20.742161,23.514231,-0.009037,19.261716,14.975049,7.759995,0.542864,0.059261,0.093451,0.619726,0.644573,1.100089,-0.271341,0.463042,0.937250,-0.151153,193982662627807.906250,5941.184242,92.317047,182.584110,84.363568,74.874475,40.641268,33.328694,189.248895,352.512330,20.323305,29.001722,2.800406,12.960673,21.882100,1,1,1,0,0,371.135240,3.090869
466.346282,461.832782,440.432164,198.246792,170.191284,132.909403,82.123368,35.454122,24.317914,20.024384,23.979458,0.002198,18.546400,14.805343,7.526318,0.850389,0.436167,0.154946,0.260486,0.303810,0.510961,0.266163,0.215587,0.908163,0.464293,198342076293355.031250,4991.819098,116.721651,222.829205,66.288978,83.723201,53.754066,45.248182,122.871728,291.033647,20.012174,35.353301,2.385908,16.687398,22.133306,1,1,1,0,0,384.387425,3.696441
456.462141,470.722558,445.383523,205.762088,165.764900,130.377803,84.415455,35.665744,24.156284,20.799622,23.684587,-0.004852,18.758027,14.438235,7.562191,1.271869,0.140845,1.174409,0.777844,0.525109,0.479397,-0.004521,0.152847,0.764970,0.571598,206467357624445.062500,5558.212861,133.131659,202.617834,90.675224,77.398401,54.565901,32.484525,196.027217,312.755173,17.863570,29.983145,2.833255,13.266090,23.113439,1,1,1,0,0,354.623857,3.182115
461.003258,464.303777,448.880727,199.093679,168.878693,125.648296,83.821193,36.290480,24.642718,20.623708,23.436354,0.003736,19.714610,14.639850,7.613725,1.036815,0.391605,0.881658,0.477767,0.213035,0.865187,-0.615031,0.134069,0.644595,1.348046,158043972777362.093750,5687.736378,113.059657,183.832524,89.665935,79.279276,40.484129,37.835145,189.476555,339.694038,16.861539,30.361738,2.254736,11.423708,21.716664,1,1,1,0,0,382.956132,3.324521
464.296593,469.529312,444.646917,192.619713,173.286588,127.059290,85.229212,34.267825,24.541625,20.546960,23.413702,-0.009691,19.511103,14.542771,7.858541,0.648253,0.754320,0.511220,0.580621,1.445234,0.255568,0.129243,-0.029490,0.399991,0.400818,162547005414389.031250,4894.768260,120.742491,167.789512,81.319975,77.617125,43.397086,39.896433,209.889379,314.588838,21.203295,32.801983,3.945575,10.542029,22.486660,1,1,1,0,0,378.299478,3.449785
459.916668,464.531860,423.136051,201.425394,168.543029,128.675267,81.909624,34.000861,24.191431,20.446307,23.331234,0.011864,19.594151,14.378891,7.788843,0.489327,0.258784,0.600950,0.036714,1.003095,0.146296,-0.309600,0.204960,0.602233,0.343256,160855840952628.968750,5197.081421,118.554665,185.348681,86.751836,75.326696,45.034329,29.202567,195.741220,333.116556,18.532925,32.541727,2.923082,9.063369,25.586695,1,1,1,0,0,388.471793,3.631034
478.132768,459.785144,458.867786,203.184354,170.307379,126.855931,82.076674,34.520318,23.774173,20.509389,23.748128,-0.002233,19.736759,15.096398,7.505861,0.133754,0.157225,0.515124,0.409363,0.762984,0.728445,-0.182133,0.128182,0.573308,0.756489,204431380779948.500000,5503.586640,150.085363,211.832161,67.106540,72.098028,38.034864,35.825836,176.452788,339.506330,16.643933,21.472056,3.161976,12.150527,23.944551,1,1,1,0,0,408.716152,3.246260
450.590149,465.307303,440.731710,199.130368,168.137470,126.653920,83.977148,36.648385,23.704398,20.426810,24.023584,-0.011368,18.820934,14.442130,7.947958,0.659138,0.606155,0.934605,0.786733,0.328302,0.817567,-0.301833,0.112978,0.911596,0.642779,223551512952259.093750,6400.222663,142.383442,211.709302,85.925454,73.614175,42.316290,29.232069,193.595701,343.505094,20.504342,24.588809,3.118949,12.192009,21.581988,1,1,1,0,0,394.395750,3.276375
464.953053,467.552653,443.441400,202.328643,166.437333,130.098496,83.292466,35.357139,24.706072,21.216383,23.338839,0.004664,18.347518,15.156423,7.992730,1.042460,0.632643,0.905452,0.224129,0.980086,1.340520,0.296803,-0.196048,1.078533,0.848124,202494468728581.656250,5207.009145,133.747151,159.074711,94.988891,82.953488,49.856837,28.343128,189.451930,346.665096,17.668743,29.741184,3.487209,8.445275,22.239628,1,1,1,0,0,349.491669,3.365569
461.909773,469.656998,442.771001,197.067036,168.260766,129.412961,84.843742,34.272860,24.067835,21.166222,23.391969,0.020791,18.670182,14.611967,7.958794,0.500604,0.591832,0.973195,0.872087,0.416143,0.822469,0.043614,0.199318,0.620803,0.468070,168085460086532.312500,5871.967073,119.932829,245.185231,86.409136,81.189823,48.649029,39.654563,188.483027,318.959509,16.967443,36.816026,4.323023,11.343680,22.758776,1,1,1,0,0,390.299708,3.529629
482.373792,461.469703,450.544455,201.402053,161.270860,127.210127,83.279674,36.730751,24.422201,20.154676,23.309869,0.017511,19.109584,14.596280,7.733734,0.560036,0.170990,0.400422,1.271645,0.632663,0.692754,0.200459,-0.513122,0.572141,0.814623,219986301535042.375000,6237.692705,122.536263,142.651238,93.665708,71.154012,34.671889,34.793851,162.982749,321.950427,18.343608,28.847553,3.996344,13.372360,20.598874,1,1,1,0,0,385.268040,3.564686
444.920377,446.677239,452.414872,203.140533,163.998376,124.439073,82.269903,35.129729,24.266684,20.691522,23.656607,-0.007848,19.244265,13.999396,7.936646,0.874293,0.521166,0.125800,0.890215,0.808240,-0.035716,0.502856,0.178137,1.091700,0.890611,195915358005624.343750,4901.877324,145.106153,205.735417,94.847445,78.839915,51.466392,38.096385,223.233613,341.398389,13.635933,31.491164,3.166621,10.263135,20.738738,1,1,1,0,0,354.630699,3.226034
458.745588,448.305201,426.006828,195.124649,170.517887,132.053483,85.665573,35.590820,23.692414,20.322433,23.932661,-0.019926,18.632182,14.977155,7.875284,0.907221,0.067045,1.270208,0.234008,0.965510,0.538004,-0.052792,0.507713,0.315035,0.135224,177480179971093.687500,5289.366117,143.864643,182.381663,71.221026,89.793459,38.734957,28.549916,190.287942,341.120265,18.113123,26.144791,3.872603,8.750180,22.203080,1,1,1,0,0,373.178593,3.305438
477.165544,459.347710,458.033275,200.243623,169.205651,129.125938,84.555543,35.851023,24.490206,20.526210,24.009933,0.022098,19.343974,14.929725,7.553151,0.709880,0.645389,0.303304,0.344577,0.989280,1.029428,-0.201047,0.643211,0.729646,0.282666,188899549435956.187500,5154.665350,145.108202,202.032048,80.896360,68.338958,43.401439,45.128739,200.836571,312.835573,21.320882,25.909130,3.036623,13.412274,22.885247,1,1,1,0,0,365.615305,3.258529
462.702310,461.696573,448.519168,198.761606,169.574208,130.989430,83.154242,35.448625,23.842160,19.928045,23.525231,0.004357,18.063922,14.433931,7.569386,0.855858,0.991547,0.624912,1.182204,0.723052,0.898569,0.284284,-0.133328,0.557044,0.907462,212521521843128.375000,6360.830190,127.023860,172.064418,93.451359,85.124783,45.895167,33.920408,178.845771,353.328117,20.116941,25.686684,3.602657,14.036485,20.608398,1,1,1,0,0,364.630247,3.102721
462.223806,465.119017,436.185563,202.533419,171.586985,129.340958,84.277292,33.873093,23.586803,20.277063,23.333305,-0.004202,19.240599,14.849992,7.752431,0.462577,0.594233,0.793529,0.596122,0.888241,0.954866,0.576996,-0.013147,-0.412344,0.082648,203656715850591.156250,6121.061444,132.227581,220.391688,74.441556,92.335567,37.498053,39.770899,228.448964,339.741132,16.523814,28.810930,4.172786,13.669652,19.748066,1,1,1,0,0,361.942514,3.302629
439.011775,466.476975,437.210222,197.337089,166.925973,131.704927,84.638124,33.900058,24.238899,20.440396,23.487774,-0.011131,19.052739,14.660339,7.927648,0.719261,0.575065,0.143884,0.318222,0.286664,0.984225,0.032811,0.732475,0.901750,1.063388,139049312425710.281250,5918.515854,104.111298,199.552311,69.170756,69.694459,44.151103,30.227741,190.761785,339.822128,17.685882,25.614296,2.636143,12.632821,24.154345,1,1,1,0,0,381.595328,3.230701
451.863828,467.995718,455.020416,190.327608,165.243996,129.453672,87.035410,34.734647,24.091081,20.854058,23.687243,0.021599,18.320354,14.773833,7.786864,0.476111,-0.087706,0.393203,0.900995,0.902697,1.041523,-0.270321,0.164506,0.983651,0.923549,165943141506371.093750,5614.280558,118.130732,212.242619,95.873847,90.070836,39.779763,35.137126,176.591115,302.377027,15.945527,26.485562,4.234063,10.198623,19.999663,1,1,1,0,0,389.215529,3.306475
454.795062,461.138984,451.404314,203.224229,167.546319,127.930302,83.201295,34.778647,23.645414,20.362883,22.496181,-0.006193,19.236422,14.758932,7.757698,0.605349,0.834236,0.470455,0.222095,0.943786,0.536523,0.510691,0.320050,0.377684,0.615666,175340318350676.937500,6281.240726,170.358928,240.943218,87.186266,85.248627,34.929115,34.897699,145.033479,326.760734,16.852869,29.119479,3.845772,11.208482,21.293223,1,1,1,0,0,365.678014,3.148918
458.397826,464.119958,451.065835,201.938032,161.990750,124.566432,82.165540,33.901956,23.304019,20.663318,22.854940,-0.003729,18.401783,14.544550,7.885661,0.354380,0.470579,0.049607,0.874284,0.182461,1.116269,0.134964,0.427627,1.213276,0.392347,210186097722686.468750,5929.702237,122.782007,178.472411,81.324027,88.695750,32.468698,29.420394,178.574252,309.540253,21.798808,37.485997,3.554737,13.904167,21.136524,1,1,1,0,0,366.200246,3.768721
451.685954,469.068309,445.274844,198.036414,172.563472,125.877957,84.236321,34.606269,24.259090,20.665834,23.202746,0.005364,18.835042,14.446543,7.677850,0.714816,0.803920,-0.024997,0.488206,1.023873,0.300903,-0.164568,0.584312,0.640909,0.920352,182009050262785.968750,5880.089113,139.938155,165.960353,87.794097,73.996084,37.016763,27.939065,186.355484,346.337859,10.269807,21.321088,3.637203,13.098458,21.886816,1,1,1,0,0,392.687662,3.162753
451.082037,477.236730,442.365316,201.554218,170.234180,128.307752,84.372451,34.360184,24.186816,20.340937,24.266428,0.003638,19.761124,14.467239,8.033807,0.580484,0.427395,0.405742,0.506606,1.055297,0.851036,-0.153608,-0.030234,0.412061,0.718749,191654648151550.750000,6736.431323,116.843485,243.782125,94.339750,56.826619,43.699016,43.710914,204.972920,302.646184,17.219395,30.546878,2.153005,10.697357,21.395565,1,1,1,0,0,386.882493,3.416565
452.563217,460.127483,446.107944,192.562398,170.293909,129.787947,84.174419,34.199946,23.277192,20.835908,24.122427,-0.007575,19.881343,14.583053,7.968549,0.379584,0.579191,0.545550,0.633607,0.231064,0.514729,-0.090238,-0.094449,0.912101,0.370880,178868194114234.250000,4669.412654,136.997569,249.732886,87.137311,95.173653,53.149078,29.449596,159.352227,322.438737,16.027697,27.317283,3.111923,8.522187,22.506701,1,1,1,0,0,409.093626,3.556364
476.334404,470.443301,432.297771,199.209615,169.385401,128.946810,80.751663,33.293297,23.955537,20.848276,23.743175,-0.005592,19.046498,14.276772,7.943745,0.607958,0.600494,0.391668,0.989513,1.179056,0.199379,0.220941,-0.141644,1.079477,0.612646,166973864089109.781250,5498.366043,156.426610,274.388789,66.028893,86.729797,35.922869,40.546480,194.452755,317.477415,21.809204,25.078392,3.936886,12.542681,24.423784,1,1,1,0,0,378.154877,3.027030
468.406164,456.975063,434.738900,193.467061,165.546281,126.285308,84.908477,34.988279,23.772634,20.470821,23.727337,-0.018133,19.116497,14.642573,7.769046,1.022544,0.714223,1.440062,0.777937,0.728208,0.935462,0.396488,-0.428111,0.418903,0.756275,164949301332396.812500,5515.539918,175.308848,260.485597,100.506873,81.766090,43.663441,29.426385,185.689618,317.304293,19.763907,31.852878,3.756733,9.304847,25.395280,1,1,1,0,0,355.353087,3.425394
457.665963,445.184291,439.665235,202.188120,162.099788,129.478591,85.694783,34.835833,23.444898,20.355425,23.603174,-0.016480,19.406856,14.405060,7.994004,0.346674,0.614337,1.037818,0.352528,0.572666,0.279022,-0.487595,-0.149060,0.494882,0.102797,176715506475285.687500,6273.282994,112.901289,195.948590,86.295081,78.546711,36.068578,31.189971,204.496703,309.521776,19.225892,27.525415,2.150868,15.020732,25.669162,1,1,1,0,0,392.741678,3.153145
460.804776,459.585753,440.736995,191.230400,170.306809,129.940252,81.928759,35.386116,23.911363,20.405485,23.432683,0.032445,19.483712,14.636274,7.794906,0.555305,-0.208783,-0.315399,0.075061,0.673646,0.925258,0.321520,0.118926,1.211363,0.997075,173232732077007.375000,6680.418636,159.968287,213.103159,86.475092,81.732988,50.979207,32.309216,199.124680,289.500978,15.175040,30.113930,2.749460,5.635774,20.438140,1,1,1,0,0,369.635686,3.322584
452.666702,445.820468,447.507743,196.312186,172.242608,131.625054,84.356293,35.413079,24.251728,20.443067,23.638567,-0.006339,19.258804,14.091660,8.354805,1.072368,0.612306,0.166365,0.962327,0.133507,0.362993,-0.087938,0.148879,0.783956,0.218911,206229158000028.312500,6163.150438,136.940628,213.231527,71.307720,67.865834,43.119900,39.232278,171.342148,332.178951,16.714137,29.166330,2.718952,9.087997,22.607381,1,1,1,0,0,393.570717,3.257986
451.109897,445.752630,454.939463,201.673164,170.410602,125.497138,85.370536,34.698651,22.991951,20.276484,23.540741,-0.008922,18.819095,14.078212,7.640142,0.953430,0.530162,0.694954,0.670760,1.100302,0.657277,-0.039907,0.321455,0.466286,0.750340,178053393526800.812500,5260.466401,118.801611,147.230091,60.933315,71.953137,37.511354,37.486920,179.025107,347.088187,19.170083,32.230788,3.046031,11.117880,22.172612,1,1,1,0,0,371.223521,3.594568
460.309477,446.602112,441.331936,198.726189,162.636656,129.617054,87.604101,35.861198,24.130654,20.459955,23.330723,0.000784,18.129277,14.709938,7.570768,0.266653,0.494807,0.486307,0.920381,-0.013311,0.843140,-0.366847,-0.050858,0.615929,0.504166,168181135792381.093750,6634.010430,168.990305,173.138570,75.917356,103.578063,50.496817,29.337157,150.592735,311.470824,22.807497,20.297604,2.683085,8.836476,19.228581,1,1,1,0,0,394.820399,2.912039
445.754542,480.008200,445.027718,195.527018,165.222322,125.734803,83.314871,35.498459,24.509844,20.650669,23.700650,0.003922,18.885895,13.914438,7.806314,0.795755,0.381970,0.378545,0.564293,0.581040,0.671463,-0.033343,0.265754,0.919746,0.252621,133430794600747.062500,5901.670914,118.263430,205.484153,55.536414,80.369993,39.983748,30.357394,181.409660,306.055410,13.623508,27.548378,3.122886,11.228179,22.250308,1,1,1,0,0,347.609138,3.143720
473.618025,462.128894,447.443906,196.801727,165.842622,124.502415,82.153739,34.084779,24.729330,21.176078,23.311543,-0.015716,19.053416,14.453117,7.524138,0.348433,0.334838,0.676474,0.530938,0.491463,0.777532,0.027051,0.205773,0.900026,0.660200,210020099425300.093750,5526.619460,118.987211,185.958244,55.818638,67.791179,38.641495,24.591990,186.937301,334.529345,18.538594,26.023634,5.035014,12.484035,23.216822,1,1,1,0,0,365.430739,3.009166
454.114843,450.423346,446.515537,199.010377,168.576708,125.102964,85.846119,35.305380,23.920609,19.968622,23.818947,-0.000243,20.122761,14.753910,7.780760,1.195932,-0.369198,1.012605,0.475765,0.506665,0.246278,-0.286311,0.360830,0.736151,0.536312,171643992751932.718750,5854.871468,127.825567,257.177895,94.623160,89.722094,32.197917,44.673896,149.535695,324.649616,17.115348,25.161631,2.206030,10.351384,21.065158,1,1,1,0,0,395.210708,3.170368
468.809277,450.614662,436.361923,206.002829,171.171240,130.598869,84.128792,35.220442,24.404199,21.760703,23.595726,-0.004123,19.030028,14.204925,7.440368,0.515432,0.327483,0.458062,0.642310,1.079603,0.644734,0.051420,0.065275,0.854814,0.691929,211864277152478.593750,5551.697004,107.762663,247.629542,80.193490,65.664689,38.073829,40.291940,189.311137,330.370213,21.109432,26.346062,4.010735,12.185877,22.882339,1,1,1,0,0,386.532937,3.405811
459.203131,465.918778,444.108200,200.631223,169.117716,126.948298,83.572429,34.239174,23.939234,20.242962,23.083925,0.011887,19.092570,14.557821,7.667245,-0.022185,0.632966,0.479237,0.484355,0.076795,0.722034,0.499820,-0.399955,0.674088,1.304204,202688274934133.062500,5180.080206,127.382945,185.064634,100.874877,72.698396,37.324114,28.905928,163.005679,324.108391,16.585125,31.720585,3.730656,10.310467,24.142346,1,1,1,0,0,386.755460,3.450867
454.493187,456.526443,445.413590,197.301247,169.544302,130.041918,81.923085,34.694290,23.891683,20.876157,23.859946,0.005604,18.211245,14.301746,7.851817,0.314015,0.451865,0.834687,0.892318,0.554950,0.725252,-0.036387,-0.104830,0.719645,0.367371,216831727383782.500000,5164.299473,116.064562,227.982912,98.806675,74.626605,38.350310,30.541588,189.764125,305.107312,17.779455,25.048768,3.755458,8.995199,21.700250,1,1,1,0,0,356.855975,3.086409
462.815804,459.565933,462.359543,197.440496,172.363435,132.369219,84.030982,36.647269,23.881268,20.247068,23.735907,0.002629,18.396519,14.890181,7.720851,0.173280,0.346261,0.371573,0.772694,0.609218,0.737717,0.419792,0.189159,0.433742,0.758218,201851142573972.093750,5093.424420,127.240461,224.738037,84.531036,69.461507,48.005863,34.881405,170.690701,312.345331,20.003843,27.670745,3.611890,10.603686,20.890728,1,1,1,0,0,353.859028,2.898477
461.621018,456.567558,458.212598,192.591531,171.323348,127.000309,80.632757,35.402671,24.270617,20.157875,22.816820,0.016232,19.047550,14.621937,7.986485,0.696891,0.598541,0.939004,0.590210,0.345715,1.289954,0.437782,0.570454,0.677213,0.326813,196123805377575.468750,5283.589039,124.232608,235.652423,74.588275,75.599403,35.814148,32.546731,198.331098,325.545664,15.296276,31.943541,3.201917,11.441892,24.708758,1,1,1,0,0,376.461124,3.773231
454.098812,459.137157,443.600775,194.426949,167.277753,125.813714,87.703361,34.111990,25.261875,20.709740,23.522784,0.011430,19.710755,14.684284,8.173394,0.288043,0.795354,1.389369,1.246902,0.466220,0.950750,0.029780,0.207184,0.573472,0.174576,184684619655005.187500,5429.302331,120.857133,213.712647,90.493268,104.513097,39.761188,38.574888,167.363703,273.615063,16.948562,27.627900,3.069905,13.508928,19.264604,1,1,1,0,0,381.183534,3.261384
448.563206,440.900309,448.845799,199.488124,169.914322,126.228775,84.841095,33.973526,24.326268,20.341069,23.038962,-0.010358,19.860953,14.274168,7.651720,1.313867,0.360579,-0.062809,0.703641,0.765279,0.607745,0.143947,0.010771,0.465682,0.511673,162637476785867.906250,5131.969893,167.221797,181.827019,90.666695,79.449271,40.128737,40.746798,208.590460,318.811753,11.203868,33.127598,4.306542,9.821703,21.496214,1,1,1,0,0,366.598311,3.413623
451.271386,456.077111,451.058316,207.484159,164.748906,126.883661,80.201033,35.212245,24.429710,21.040141,23.224268,0.000315,18.943458,14.006212,7.664518,1.130956,0.220647,0.675053,0.743381,1.073920,0.827591,-0.462262,0.430596,0.444130,0.737627,162552116911964.687500,5250.153128,137.072182,121.191948,80.211727,72.109554,29.411330,28.550068,180.055543,344.863371,23.031192,21.637729,3.337312,6.081468,22.849210,1,1,1,0,0,390.700043,3.006394
455.052116,455.310392,439.841224,197.153519,165.013478,125.777419,82.788638,34.813091,24.492763,21.080763,23.221641,0.006847,18.486396,14.284277,7.761161,0.249400,0.731727,0.801628,0.387575,0.460671,1.016997,-0.161250,0.204972,0.832824,0.644616,159585800275732.687500,5074.670828,135.552090,203.476734,76.856615,85.182602,33.142947,36.617174,180.820522,260.286776,18.626971,31.244537,2.478335,10.802020,20.743517,1,1,1,0,0,405.486364,3.382737
472.590338,480.477395,456.232468,200.866793,164.421171,129.794087,82.598860,36.525508,24.641322,20.326512,24.397616,0.017000,20.245362,14.231227,7.623871,0.421965,0.523607,0.470130,0.709132,1.040951,1.017093,0.093185,0.183378,1.185331,0.340187,163158781240546.031250,5685.216777,112.200036,206.158990,89.433924,84.502566,42.624747,30.381455,143.161769,306.581598,17.466878,39.542437,4.158867,12.820438,22.922102,1,1,1,0,0,372.900887,3.713754
470.568308,466.904702,446.895438,204.707141,162.729957,128.417024,82.638845,33.849075,23.887760,20.696730,24.262210,0.002251,19.397479,14.460230,7.802962,0.590396,0.640506,0.711067,1.090829,0.787722,0.946875,-0.299192,0.321589,0.899500,-0.150718,186065164206325.906250,5502.836403,147.159522,227.786057,104.875863,83.766181,59.524255,26.960097,189.370846,305.038040,16.960367,33.586891,3.556792,12.897094,22.328166,1,1,1,0,0,363.998436,3.502695
442.782521,449.980868,449.007797,199.199007,165.389334,126.244550,85.847885,33.566836,23.659105,20.340240,24.449953,-0.002891,19.473883,14.685274,7.922569,0.439576,0.397951,0.987189,1.177420,0.920140,1.121652,0.383763,-0.281945,0.958843,0.695806,208517670600149.468750,5987.609647,146.705500,253.189612,92.205212,72.783410,52.012511,37.200385,144.678863,339.840334,13.637977,28.262887,4.217932,12.416022,23.046887,1,1,1,0,0,363.055736,3.456817
464.287613,469.341555,452.005495,203.016517,171.766844,128.466388,85.644512,35.393276,24.548256,21.798225,23.554446,-0.010775,18.817523,14.569699,7.897835,0.776620,0.315011,0.768459,0.600729,0.871485,0.962959,-0.508603,-0.324588,0.908234,0.366171,202539615030180.093750,5999.745855,155.774947,163.580291,86.548298,62.015477,52.930476,29.978937,225.375444,309.260283,17.112560,32.445531,4.290459,7.787811,24.290642,1,1,1,0,0,390.939028,3.710126
477.501375,457.056492,442.063825,195.125294,170.450752,131.840607,87.548356,34.913958,23.492987,20.740705,23.221926,-0.008715,19.160286,14.652100,7.441278,0.470316,0.772802,0.867121,0.311448,1.093163,0.932860,-0.030458,-0.319439,0.618338,0.673457,174149391722270.000000,6486.094247,113.505988,262.402321,64.502039,90.711966,26.648839,51.822799,150.107445,328.446530,16.662523,21.960187,3.411780,11.351500,21.241228,1,1,1,0,0,381.418186,3.258148
452.547981,447.274513,439.009716,194.020018,166.180017,127.212587,82.601215,35.713237,24.207775,20.319395,23.602455,0.006761,19.314979,14.299818,7.542106,0.619165,0.043275,0.344275,0.762050,0.524978,0.447546,0.015287,0.226724,0.832958,0.363716,128048002540230.312500,6042.942049,144.599732,182.726973,65.466875,92.755575,39.137728,39.225190,166.655727,327.291249,15.118855,23.981634,2.188622,13.431755,22.089652,1,1,1,0,0,419.354605,3.354050
463.253221,450.924370,433.951693,201.758520,167.727194,128.176778,84.355802,34.653392,23.926744,20.838070,23.776683,-0.000623,18.624392,15.180131,7.678952,0.781094,0.034405,-0.090167,0.270227,0.755077,0.146898,0.400509,0.376979,1.493528,0.194862,203847253846367.593750,5687.817939,110.831171,238.965974,87.699187,94.697247,42.485715,36.057533,162.107840,327.380901,15.314325,28.184406,3.699233,14.085640,23.887532,1,1,1,0,0,375.617277,3.388179
468.253484,472.760832,443.507351,199.441395,174.112564,126.767564,83.461433,34.540940,24.782844,21.218434,23.997675,0.012418,19.078828,14.278315,7.933641,0.221997,0.371525,0.228846,0.681096,0.712107,0.781397,-0.244656,0.079276,0.363571,0.488872,172955366291278.906250,5791.262533,91.256981,169.781978,75.006833,67.503249,41.870901,36.068645,181.368647,315.519256,14.177481,22.199842,1.790991,12.384443,21.372870,1,1,1,0,0,365.212858,2.991432
447.747319,456.072827,442.048569,193.374952,163.436775,128.969424,85.086568,34.732312,24.583439,20.805859,23.223407,0.003860,19.373391,14.940225,7.733994,0.873550,0.620447,-0.010092,1.091617,0.806182,0.993467,0.201986,0.352697,0.825337,0.712022,164184467325933.812500,6948.458328,117.444062,214.356247,87.770661,69.940054,47.994572,37.413080,201.502713,305.293347,19.763974,38.688017,3.447489,12.646443,20.280994,1,1,1,0,0,362.049634,3.605306
463.956411,464.625550,435.535219,198.048329,170.884609,131.421713,87.298810,35.484917,23.526986,21.232651,23.974089,-0.017404,18.808930,14.073531,7.912977,0.931876,0.504744,0.488912,0.721415,0.914530,0.741857,0.186424,-0.106784,0.880207,0.653049,177431305397636.406250,6281.016617,127.760804,194.151855,86.353067,79.795378,39.530826,32.772571,202.591920,337.984985,17.759838,29.220358,2.504483,10.334360,22.733802,1,1,1,0,0,374.064669,3.447578
452.130127,455.634791,421.921237,198.756710,166.056234,128.314883,82.787646,34.904781,24.198299,20.389384,23.965507,0.000227,19.212402,14.439127,7.754254,0.309243,0.217277,0.606184,0.640674,1.194926,0.969011,-0.073119,0.062739,0.525232,0.994204,186228944133984.250000,6106.040942,115.152914,239.968673,79.820034,78.274705,40.481707,24.625510,172.426587,308.145382,18.961183,30.876007,3.187270,14.891162,23.024538,1,1,1,0,0,383.289110,3.554409
472.417728,453.209495,449.138928,197.450258,164.551895,134.295642,86.256238,34.680618,24.476856,19.665397,23.667014,-0.007759,19.138141,14.969845,7.632555,0.462100,0.257307,0.815214,1.045254,0.696318,0.824887,-0.230163,0.289796,0.592548,0.901885,191908613137617.937500,6442.345538,132.192118,213.113724,80.440124,79.718889,40.597263,42.057780,168.080044,337.182317,11.851374,27.429287,3.908774,11.055859,21.779764,1,1,1,0,0,368.164406,3.518137
474.976513,467.478518,460.395207,203.643704,167.827604,130.401077,83.487531,35.168038,23.212228,20.865138,23.801195,0.001503,19.542748,14.027682,7.645010,0.327149,0.992659,0.208562,0.876763,0.581272,0.477862,0.368684,0.157133,0.876924,0.513114,180801916763602.750000,5687.802555,107.727770,216.204109,87.668024,88.441060,43.553741,29.537795,196.723095,301.090677,17.718224,27.423503,4.780075,9.389936,23.819531,1,1,1,0,0,379.399217,3.411196
446.415526,455.021418,449.489058,199.710238,168.232920,129.458559,84.590479,35.826374,24.108331,20.326133,23.809530,0.002260,19.533195,14.587324,7.548334,-0.056044,0.942374,0.846893,0.273306,0.893450,0.868986,-0.193512,0.200600,0.519928,0.808555,142824973757121.562500,6131.383098,121.126665,186.678593,95.675772,73.936614,41.675464,36.418032,147.510407,308.079132,18.728082,26.565814,2.788160,10.188807,22.161862,1,1,1,0,0,391.464815,3.175538
464.855998,466.386946,434.027051,196.607460,169.750333,127.283972,85.240519,34.539267,23.670461,21.066323,23.828609,-0.000982,19.321557,14.986353,7.854736,1.170617,0.094628,0.591742,0.564187,0.502890,0.643786,-0.191557,-0.192213,0.975374,0.519937,170345185340185.187500,5916.222564,150.087514,189.071330,85.867476,73.152891,37.839567,38.610919,215.405409,336.454232,19.148825,25.010133,3.382416,9.801064,22.237162,1,1,1,0,0,398.994364,3.196947
466.810046,464.622595,444.803989,195.607648,161.333603,128.249443,84.879689,34.409550,23.489725,20.958767,22.758410,-0.005081,19.882107,14.473377,8.007517,0.699345,0.435196,0.368648,0.747714,0.998569,0.631664,0.050789,0.290927,0.660750,1.258750,176431782920597.093750,5528.337472,123.193125,225.975909,71.567084,69.780090,27.552429,40.446128,198.990940,340.784612,19.555251,30.868361,3.188278,12.363861,22.823067,1,1,1,0,0,407.821875,3.558236
479.999996,465.599222,453.488381,200.815762,170.592416,129.177257,82.435362,35.326742,23.202366,20.092236,22.996159,0.007572,19.567805,14.287737,7.799001,0.495076,0.287678,0.359052,0.827328,0.785166,0.836007,0.369307,-0.363149,1.044392,0.671643,204831273159710.250000,5917.803010,139.567971,207.251978,88.975888,76.365589,45.086296,42.146199,148.248189,270.566732,18.088431,27.876604,4.421087,11.964695,23.887552,1,1,1,0,0,373.216773,3.398054
469.148843,450.916814,441.828385,202.194006,167.631487,130.141290,84.675831,34.777353,23.875512,20.947086,23.333497,0.011856,18.855238,14.854236,7.704286,0.729090,0.497607,0.712856,0.981562,0.257468,0.839166,0.001053,0.397724,0.528654,0.234858,187264067890604.687500,4862.943641,112.162650,186.348124,88.816696,77.620707,47.186049,37.767830,184.835768,289.126709,16.365611,24.105610,2.729393,11.431745,22.333111,1,1,1,0,0,402.116731,3.177431
457.209648,461.397347,435.646191,198.352698,166.279452,129.903818,80.671356,35.405356,23.566343,20.675971,23.834014,-0.014434,19.399097,14.723966,7.960410,0.725291,0.108078,0.770731,0.041913,0.660386,0.615285,0.198647,0.528580,0.727203,0.669713,217224300732275.562500,5703.861868,143.031860,228.495653,58.788053,89.564326,42.428426,37.117778,199.360812,341.040068,22.064225,33.775652,3.474270,13.510781,22.928415,1,1,1,0,0,395.516342,3.381048
456.877701,461.820156,432.590758,200.600113,168.819688,126.014977,83.080934,35.663300,24.443866,20.859039,23.853951,0.012782,20.197907,14.953648,7.641446,0.730189,-0.014148,-0.183774,1.109254,0.479226,0.720315,0.523212,0.119589,0.764528,0.928617,165599902622166.281250,5419.970659,126.239339,204.242989,119.470215,69.885097,37.322013,37.266997,165.072124,320.319062,17.286883,30.468168,3.015861,14.110553,21.567705,1,1,1,0,0,364.064522,3.571002
462.273559,446.374565,438.688294,204.597234,165.668195,128.924055,83.974749,34.899747,24.326030,20.361011,23.672167,0.006330,18.957175,14.528078,7.761644,1.468324,0.459737,0.878764,0.689655,0.592407,0.456452,-0.104744,0.396612,0.271630,0.609317,192368297422949.343750,5547.560290,99.467410,205.809147,59.737750,69.607732,38.610587,41.543865,218.850986,302.294015,17.504575,28.519420,2.013749,13.037245,21.224839,1,1,1,0,0,372.172341,3.235760
448.401543,437.040475,451.212891,195.091940,170.407491,133.995869,83.041754,34.776680,23.735435,20.570081,23.873230,-0.006489,19.119082,14.768098,8.119126,0.207713,0.254528,0.511347,0.869323,0.256483,0.605283,-0.016405,0.250971,0.271517,0.475501,187882060073471.250000,5011.530677,118.455935,262.237790,98.457441,71.346045,51.182553,37.600535,185.017432,340.263250,23.114676,23.231272,4.054416,13.443386,23.573137,1,1,1,0,0,361.004545,2.701433
469.003518,466.330618,435.072434,193.899314,170.605158,129.000404,86.424181,34.867418,23.416067,20.946938,24.107182,-0.022945,18.966638,14.397509,7.867766,0.250131,0.366762,0.559260,0.246401,0.506945,0.166797,0.231417,-0.013045,0.429322,0.521950,182780196297933.281250,5267.948338,140.943989,223.429254,78.693575,57.907647,33.271108,41.846659,189.729571,336.167556,18.842392,29.577607,4.174368,12.473948,22.649330,1,1,1,0,0,380.985455,3.347921
452.426100,462.766537,438.418843,192.351218,165.835676,127.268870,86.425264,33.907239,23.615524,20.081189,23.555786,-0.005286,19.097009,14.852595,7.626663,-0.139349,0.413318,-0.019644,0.101060,-0.040666,0.451333,-0.093475,-0.115817,0.368019,1.126866,163549212412780.687500,5737.517465,109.085150,258.646829,74.239145,98.281853,40.433268,40.661604,176.836916,343.905369,18.246765,29.008366,2.801194,11.240262,21.740062,1,1,1,0,0,413.870452,3.244035
