Polymer_Family,Base_SMILES,Candidate_SMILES,Tanimoto_Similarity,Predicted_Tg_degC,Predicted_Dk
Polyimide,O=C1c2ccccc2C(=O)N1c3ccc(Oc4ccc(N5C(=O)c6ccccc6C5=O)cc4)cc3,O=C1c2ccccc2C(=O)N1c1ccc(Oc2ccc(N3C(=O)c4cccc(Cl)c4C3=O)cc2)cc1,0.7059,516.93,3.4733
Polyimide,O=C1c2ccccc2C(=O)N1c3ccc(Oc4ccc(N5C(=O)c6ccccc6C5=O)cc4)cc3,O=C1c2ccccc2C(=O)N1c1ccc(Oc2ccc(N3C(=O)c4cccc(C(F)(F)F)c4C3=O)cc2)cc1,0.6667,511.53,3.4653
Polyimide,O=C1c2ccccc2C(=O)N1c3ccc(Oc4ccc(N5C(=O)c6ccccc6C5=O)cc4)cc3,O=C1c2ccccc2C(=O)N1c1ccc(Oc2ccc(N3C(=O)c4cccc(F)c4C3=O)cc2)cc1,0.7059,516.41,3.4737
Polyimide,O=C1c2ccccc2C(=O)N1c3ccc(Oc4ccc(N5C(=O)c6ccccc6C5=O)cc4)cc3,O=C1c2ccccc2C(=O)N1c1ccc(Oc2ccc(N3C(=O)c4ccc(C(F)(F)F)c(C(F)(F)F)c4C3=O)cc2)cc1,0.6,515.04,3.4343
Polyimide,O=C1c2ccccc2C(=O)N1c3ccc(Oc4ccc(N5C(=O)c6ccccc6C5=O)cc4)cc3,O=C1c2ccccc2C(=O)N1c1ccc(Oc2ccc(N3C(=O)c4ccc(F)c(Cl)c4C3=O)cc2)cc1,0.6316,517.4,3.4775
Polyimide,O=C1c2ccccc2C(=O)N1c3ccc(Oc4ccc(N5C(=O)c6ccccc6C5=O)cc4)cc3,O=C1c2ccccc2C(=O)N1c1ccc(Oc2ccc(N3C(=O)c4ccc(F)c(C(F)(F)F)c4C3=O)cc2)cc1,0.6,511.53,3.4482
Polyimide,O=C1c2ccccc2C(=O)N1c3ccc(Oc4ccc(N5C(=O)c6ccccc6C5=O)cc4)cc3,O=C1c2ccccc2C(=O)N1c1ccc(Oc2ccc(N3C(=O)c4ccc(Cl)c(Cl)c4C3=O)cc2)cc1,0.6667,517.36,3.4701
Polyimide,O=C1c2ccccc2C(=O)N1c3ccc(Oc4ccc(N5C(=O)c6ccccc6C5=O)cc4)cc3,O=C1c2ccccc2C(=O)N1c1ccc(Oc2ccc(N3C(=O)c4ccc(C(F)(F)F)c(F)c4C3=O)cc2)cc1,0.6,511.53,3.4482
Polyimide,O=C1c2ccccc2C(=O)N1c3ccc(Oc4ccc(N5C(=O)c6ccccc6C5=O)cc4)cc3,O=C1c2ccccc2C(=O)N1c1ccc(Oc2ccc(N3C(=O)c4cc(F)c(Cl)c(Cl)c4C3=O)cc2)cc1,0.6316,517.36,3.4522
Polyimide,O=C1c2ccccc2C(=O)N1c3ccc(Oc4ccc(N5C(=O)c6ccccc6C5=O)cc4)cc3,O=C1c2ccccc2C(=O)N1c1ccc(Oc2ccc(N3C(=O)c4cc(Cl)c(Cl)c(Cl)c4C3=O)cc2)cc1,0.6486,517.36,3.4463
Polyimide,O=C1c2ccccc2C(=O)N1c3ccc(Oc4ccc(N5C(=O)c6ccccc6C5=O)cc4)cc3,Cc1c(Cl)c(Cl)c(Cl)c2c1C(=O)N(c1ccc(Oc3ccc(N4C(=O)c5ccccc5C4=O)cc3)cc1)C2=O,0.6316,517.36,3.4399
Polyimide,O=C1c2ccccc2C(=O)N1c3ccc(Oc4ccc(N5C(=O)c6ccccc6C5=O)cc4)cc3,Cc1ccc2c(c1Cl)C(=O)N(c1ccc(Oc3ccc(N4C(=O)c5ccccc5C4=O)cc3)cc1)C2=O,0.6316,517.36,3.4594
Polyimide,O=C1c2ccccc2C(=O)N1c3ccc(Oc4ccc(N5C(=O)c6ccccc6C5=O)cc4)cc3,O=C1c2ccccc2C(=O)N1c1ccc(Oc2ccc(N3C(=O)c4ccc(F)c(F)c4C3=O)cc2)cc1,0.6667,517.22,3.476
Polyimide,O=C1c2ccccc2C(=O)N1c3ccc(Oc4ccc(N5C(=O)c6ccccc6C5=O)cc4)cc3,O=C1c2ccccc2C(=O)N1c1ccc(Oc2ccc(N3C(=O)c4cc(Cl)c(F)c(Cl)c4C3=O)cc2)cc1,0.6,517.36,3.4522
Polyimide,O=C1c2ccccc2C(=O)N1c3ccc(Oc4ccc(N5C(=O)c6ccccc6C5=O)cc4)cc3,Cc1ccc2c(c1F)C(=O)N(c1ccc(Oc3ccc(N4C(=O)c5ccccc5C4=O)cc3)cc1)C2=O,0.6316,517.4,3.4652
Polyimide,O=C1c2ccccc2C(=O)N1c3ccc(Oc4ccc(N5C(=O)c6ccccc6C5=O)cc4)cc3,Cc1cccc2c1C(=O)N(c1ccc(Oc3ccc(N4C(=O)c5ccccc5C4=O)cc3)cc1)C2=O,0.7059,516.93,3.4652
Polyimide,O=C1c2ccccc2C(=O)N1c3ccc(Oc4ccc(N5C(=O)c6ccccc6C5=O)cc4)cc3,O=C1c2ccccc2C(=O)N1c1ccc(Oc2ccc(N3C(=O)c4c(F)c(Cl)c(F)c(Cl)c4C3=O)cc2)cc1,0.6316,517.36,3.4508
Polyimide,O=C1c2ccccc2C(=O)N1c3ccc(Oc4ccc(N5C(=O)c6ccccc6C5=O)cc4)cc3,Cc1c(F)ccc2c1C(=O)N(c1ccc(Oc3ccc(N4C(=O)c5ccccc5C4=O)cc3)cc1)C2=O,0.6316,517.4,3.4652
Polyimide,O=C1c2ccccc2C(=O)N1c3ccc(Oc4ccc(N5C(=O)c6ccccc6C5=O)cc4)cc3,O=C1c2ccccc2C(=O)N1c1ccc(Oc2ccc(N3C(=O)c4c(Cl)c(F)c(Cl)c(Cl)c4C3=O)cc2)cc1,0.6486,517.36,3.4463
Polyimide,O=C1c2ccccc2C(=O)N1c3ccc(Oc4ccc(N5C(=O)c6ccccc6C5=O)cc4)cc3,O=C1c2ccccc2C(=O)N1c1ccc(Oc2ccc(N3C(=O)c4cc(F)c(F)c(F)c4C3=O)cc2)cc1,0.6486,517.5,3.4797
Polyimide,O=C1c2ccccc2C(=O)N1c3ccc(Oc4ccc(N5C(=O)c6ccccc6C5=O)cc4)cc3,Cc1c(Cl)cc2c(c1Cl)C(=O)N(c1ccc(Oc3ccc(N4C(=O)c5ccccc5C4=O)cc3)cc1)C2=O,0.6,517.36,3.4436
Polyimide,O=C1c2ccccc2C(=O)N1c3ccc(Oc4ccc(N5C(=O)c6ccccc6C5=O)cc4)cc3,Cc1cc2c(c(F)c1C)C(=O)N(c1ccc(Oc3ccc(N4C(=O)c5ccccc5C4=O)cc3)cc1)C2=O,0.6,517.36,3.4513
Polyimide,O=C1c2ccccc2C(=O)N1c3ccc(Oc4ccc(N5C(=O)c6ccccc6C5=O)cc4)cc3,O=C1c2ccccc2C(=O)N1c1ccc(Oc2ccc(N3C(=O)c4cc(Cl)c(F)c(F)c4C3=O)cc2)cc1,0.6154,517.36,3.4798
Polyimide,O=C1c2ccccc2C(=O)N1c3ccc(Oc4ccc(N5C(=O)c6ccccc6C5=O)cc4)cc3,O=C1c2ccccc2C(=O)N1c1ccc(Oc2ccc(N3C(=O)c4c(Cl)c(Cl)c(Cl)c(Cl)c4C3=O)cc2)cc1,0.75,520.86,3.4463
Polyimide,O=C1c2ccccc2C(=O)N1c3ccc(Oc4ccc(N5C(=O)c6ccccc6C5=O)cc4)cc3,O=C1c2ccccc2C(=O)N1c1ccc(Oc2ccc(N3C(=O)c4c(F)c(F)c(F)c(Cl)c4C3=O)cc2)cc1,0.6316,517.36,3.4703
Polyimide,O=C1c2ccccc2C(=O)N1c3ccc(Oc4ccc(N5C(=O)c6ccccc6C5=O)cc4)cc3,Cc1c(Cl)c(Cl)c2c(c1Cl)C(=O)N(c1ccc(Oc3ccc(N4C(=O)c5ccccc5C4=O)cc3)cc1)C2=O,0.6486,517.36,3.4399
Polyimide,O=C1c2ccccc2C(=O)N1c3ccc(Oc4ccc(N5C(=O)c6ccccc6C5=O)cc4)cc3,O=C1c2ccccc2C(=O)N1c1ccc(Oc2ccc(N3C(=O)c4c(F)c(F)c(Cl)c(Cl)c4C3=O)cc2)cc1,0.6316,517.36,3.4508
Polyimide,O=C1c2ccccc2C(=O)N1c3ccc(Oc4ccc(N5C(=O)c6ccccc6C5=O)cc4)cc3,Cc1c(F)c(F)c(F)c2c1C(=O)N(c1ccc(Oc3ccc(N4C(=O)c5ccccc5C4=O)cc3)cc1)C2=O,0.6316,517.36,3.4676
Polyimide,O=C1c2ccccc2C(=O)N1c3ccc(Oc4ccc(N5C(=O)c6ccccc6C5=O)cc4)cc3,Cc1cc2c(c(Cl)c1C)C(=O)N(c1ccc(Oc3ccc(N4C(=O)c5ccccc5C4=O)cc3)cc1)C2=O,0.6,517.36,3.4371
Polyimide,O=C1c2ccccc2C(=O)N1c3ccc(Oc4ccc(N5C(=O)c6ccccc6C5=O)cc4)cc3,Cc1ccc2c(c1C)C(=O)N(c1ccc(Oc3ccc(N4C(=O)c5ccccc5C4=O)cc3)cc1)C2=O,0.6667,517.4,3.4513
Polyimide,O=C1c2ccccc2C(=O)N1c3ccc(Oc4ccc(N5C(=O)c6ccccc6C5=O)cc4)cc3,O=C1c2ccccc2C(=O)N1c1ccc(Oc2ccc(N3C(=O)c4ccc(Cl)c(F)c4C3=O)cc2)cc1,0.6316,517.4,3.4775
Polyimide,O=C1c2ccccc2C(=O)N1c3ccc(Oc4ccc(N5C(=O)c6ccccc6C5=O)cc4)cc3,Cc1cc2c(c(C)c1C)C(=O)N(c1ccc(Oc3ccc(N4C(=O)c5ccccc5C4=O)cc3)cc1)C2=O,0.6486,517.36,3.4482
Polyimide,O=C1c2ccccc2C(=O)N1c3ccc(Oc4ccc(N5C(=O)c6ccccc6C5=O)cc4)cc3,Cc1c(C)c(Cl)c2c(c1C)C(=O)N(c1ccc(Oc3ccc(N4C(=O)c5ccccc5C4=O)cc3)cc1)C2=O,0.6316,517.36,3.4334
Polyimide,O=C1c2ccccc2C(=O)N1c3ccc(Oc4ccc(N5C(=O)c6ccccc6C5=O)cc4)cc3,Cc1c(F)c(F)cc2c1C(=O)N(c1ccc(Oc3ccc(N4C(=O)c5ccccc5C4=O)cc3)cc1)C2=O,0.6,517.4,3.4713
Polyimide,O=C1c2ccccc2C(=O)N1c3ccc(Oc4ccc(N5C(=O)c6ccccc6C5=O)cc4)cc3,O=C1c2ccccc2C(=O)N1c1ccc(Oc2ccc(N3C(=O)c4c(F)c(F)c(F)c(C(F)(F)F)c4C3=O)cc2)cc1,0.6,511.53,3.4506
Polyimide,O=C1c2ccccc2C(=O)N1c3ccc(Oc4ccc(N5C(=O)c6ccccc6C5=O)cc4)cc3,Cc1c(Cl)c(C)c2c(c1Cl)C(=O)N(c1ccc(Oc3ccc(N4C(=O)c5ccccc5C4=O)cc3)cc1)C2=O,0.6316,517.36,3.4344
Polyimide,O=C1c2ccccc2C(=O)N1c3ccc(Oc4ccc(N5C(=O)c6ccccc6C5=O)cc4)cc3,Cc1c(C)c(C)c2c(c1C)C(=O)N(c1ccc(Oc3ccc(N4C(=O)c5ccccc5C4=O)cc3)cc1)C2=O,0.75,517.36,3.4302
Polyimide,O=C1c2ccccc2C(=O)N1c3ccc(Oc4ccc(N5C(=O)c6ccccc6C5=O)cc4)cc3,Cc1c(Cl)cc2c(c1C)C(=O)N(c1ccc(Oc3ccc(N4C(=O)c5ccccc5C4=O)cc3)cc1)C2=O,0.6154,517.36,3.4371
Polyimide,O=C1c2ccccc2C(=O)N1c3ccc(Oc4ccc(N5C(=O)c6ccccc6C5=O)cc4)cc3,O=C1c2ccccc2C(=O)N1c1ccc(Oc2ccc(N3C(=O)c4cc(F)c(Cl)c(F)c4C3=O)cc2)cc1,0.6154,517.36,3.4798
Polyimide,O=C1c2ccccc2C(=O)N1c3ccc(Oc4ccc(N5C(=O)c6ccccc6C5=O)cc4)cc3,Cc1c(C)c(Cl)c2c(c1Cl)C(=O)N(c1ccc(Oc3ccc(N4C(=O)c5ccccc5C4=O)cc3)cc1)C2=O,0.6857,517.36,3.4344
Polyimide,O=C1c2ccccc2C(=O)N1c3ccc(Oc4ccc(N5C(=O)c6ccccc6C5=O)cc4)cc3,Cc1cc2c(c(C)c1F)C(=O)N(c1ccc(Oc3ccc(N4C(=O)c5ccccc5C4=O)cc3)cc1)C2=O,0.6,517.36,3.4513
Polyimide,O=C1c2ccccc2C(=O)N1c3ccc(Oc4ccc(N5C(=O)c6ccccc6C5=O)cc4)cc3,Cc1c(F)cc2c(c1F)C(=O)N(c1ccc(Oc3ccc(N4C(=O)c5ccccc5C4=O)cc3)cc1)C2=O,0.6,517.4,3.4713
Polyimide,O=C1c2ccccc2C(=O)N1c3ccc(Oc4ccc(N5C(=O)c6ccccc6C5=O)cc4)cc3,Cc1c(C)c2c(c(C)c1F)C(=O)N(c1ccc(Oc3ccc(N4C(=O)c5ccccc5C4=O)cc3)cc1)C2=O,0.6486,517.36,3.4312
Polyimide,O=C1c2ccccc2C(=O)N1c3ccc(Oc4ccc(N5C(=O)c6ccccc6C5=O)cc4)cc3,Cc1c(F)cc2c(c1C)C(=O)N(c1ccc(Oc3ccc(N4C(=O)c5ccccc5C4=O)cc3)cc1)C2=O,0.6154,517.36,3.4513
Polyimide,O=C1c2ccccc2C(=O)N1c3ccc(Oc4ccc(N5C(=O)c6ccccc6C5=O)cc4)cc3,Cc1c(C)c(F)c2c(c1F)C(=O)N(c1ccc(Oc3ccc(N4C(=O)c5ccccc5C4=O)cc3)cc1)C2=O,0.6857,517.36,3.4478
Polyimide,O=C1c2ccccc2C(=O)N1c3ccc(Oc4ccc(N5C(=O)c6ccccc6C5=O)cc4)cc3,Cc1c(C)c(F)c2c(c1C)C(=O)N(c1ccc(Oc3ccc(N4C(=O)c5ccccc5C4=O)cc3)cc1)C2=O,0.6316,517.36,3.4312
Polyimide,O=C1c2ccccc2C(=O)N1c3ccc(Oc4ccc(N5C(=O)c6ccccc6C5=O)cc4)cc3,O=C1c2ccccc2C(=O)N1c1ccc(Oc2ccc(N3C(=O)c4cc(F)c(F)c(Cl)c4C3=O)cc2)cc1,0.6,517.36,3.4798
Polyimide,O=C1c2ccccc2C(=O)N1c3ccc(Oc4ccc(N5C(=O)c6ccccc6C5=O)cc4)cc3,O=C1c2ccccc2C(=O)N1c1ccc(Oc2ccc(N3C(=O)c4c(F)c(F)c(Cl)c(F)c4C3=O)cc2)cc1,0.6486,517.36,3.4703
Polyimide,O=C1c2ccccc2C(=O)N1c3ccc(Oc4ccc(N5C(=O)c6ccccc6C5=O)cc4)cc3,Cc1c(C)c2c(c(Cl)c1Cl)C(=O)N(c1ccc(Oc3ccc(N4C(=O)c5ccccc5C4=O)cc3)cc1)C2=O,0.6316,517.36,3.4344
Polyimide,O=C1c2ccccc2C(=O)N1c3ccc(Oc4ccc(N5C(=O)c6ccccc6C5=O)cc4)cc3,Cc1c(C)c2c(c(C)c1Cl)C(=O)N(c1ccc(Oc3ccc(N4C(=O)c5ccccc5C4=O)cc3)cc1)C2=O,0.6486,517.36,3.4334
PEEK,c1ccc(Oc2ccc(Oc3ccc(C(=O)c4ccc(Oc5ccc(Oc6ccc(C(=O)c7ccc(Oc8ccc(Oc9ccc(C(=O)c%10ccccc%10)cc9)cc8)cc7)cc6)cc5)cc4)cc3)cc2)cc1,O=C(c1ccccc1)c1ccc(Oc2ccc(Oc3ccc(C(=O)c4ccc(Oc5ccc(Oc6ccc(C(=O)c7ccc(Oc8ccc(Oc9ccc(Cl)cc9)cc8)cc7)cc6)cc5)cc4)cc3)cc2)cc1,0.7778,618.66,3.4188
PEEK,c1ccc(Oc2ccc(Oc3ccc(C(=O)c4ccc(Oc5ccc(Oc6ccc(C(=O)c7ccc(Oc8ccc(Oc9ccc(C(=O)c%10ccccc%10)cc9)cc8)cc7)cc6)cc5)cc4)cc3)cc2)cc1,Cc1cc(Oc2ccc(Oc3ccc(C(=O)c4ccc(Oc5ccc(Oc6ccc(C(=O)c7ccc(Oc8ccc(Oc9ccc(C(=O)c%10ccccc%10)cc9)cc8)cc7)cc6)cc5)cc4)cc3)cc2)ccc1Cl,0.6176,619.01,3.4215
PEEK,c1ccc(Oc2ccc(Oc3ccc(C(=O)c4ccc(Oc5ccc(Oc6ccc(C(=O)c7ccc(Oc8ccc(Oc9ccc(C(=O)c%10ccccc%10)cc9)cc8)cc7)cc6)cc5)cc4)cc3)cc2)cc1,O=C(c1ccccc1)c1ccc(Oc2ccc(Oc3ccc(C(=O)c4ccc(Oc5ccc(Oc6ccc(C(=O)c7ccc(Oc8ccc(Oc9ccc(Cl)c(F)c9)cc8)cc7)cc6)cc5)cc4)cc3)cc2)cc1,0.6176,618.58,3.4264
PEEK,c1ccc(Oc2ccc(Oc3ccc(C(=O)c4ccc(Oc5ccc(Oc6ccc(C(=O)c7ccc(Oc8ccc(Oc9ccc(C(=O)c%10ccccc%10)cc9)cc8)cc7)cc6)cc5)cc4)cc3)cc2)cc1,O=C(c1ccccc1)c1ccc(Oc2ccc(Oc3ccc(C(=O)c4ccc(Oc5ccc(Oc6ccc(C(=O)c7ccc(Oc8ccc(Oc9ccc(F)cc9)cc8)cc7)cc6)cc5)cc4)cc3)cc2)cc1,0.7778,617.92,3.4205
PEEK,c1ccc(Oc2ccc(Oc3ccc(C(=O)c4ccc(Oc5ccc(Oc6ccc(C(=O)c7ccc(Oc8ccc(Oc9ccc(C(=O)c%10ccccc%10)cc9)cc8)cc7)cc6)cc5)cc4)cc3)cc2)cc1,Cc1cc(Oc2ccc(Oc3ccc(C(=O)c4ccc(Oc5ccc(Oc6ccc(C(=O)c7ccc(Oc8ccc(Oc9ccc(C(=O)c%10ccccc%10)cc9)cc8)cc7)cc6)cc5)cc4)cc3)cc2)ccc1F,0.6176,618.58,3.4201
PEEK,c1ccc(Oc2ccc(Oc3ccc(C(=O)c4ccc(Oc5ccc(Oc6ccc(C(=O)c7ccc(Oc8ccc(Oc9ccc(C(=O)c%10ccccc%10)cc9)cc8)cc7)cc6)cc5)cc4)cc3)cc2)cc1,O=C(c1ccccc1)c1ccc(Oc2ccc(Oc3ccc(C(=O)c4ccc(Oc5ccc(Oc6ccc(C(=O)c7ccc(Oc8ccc(Oc9ccc(F)c(F)c9)cc8)cc7)cc6)cc5)cc4)cc3)cc2)cc1,0.6774,618.49,3.4219
PEEK,c1ccc(Oc2ccc(Oc3ccc(C(=O)c4ccc(Oc5ccc(Oc6ccc(C(=O)c7ccc(Oc8ccc(Oc9ccc(C(=O)c%10ccccc%10)cc9)cc8)cc7)cc6)cc5)cc4)cc3)cc2)cc1,O=C(c1ccccc1)c1ccc(Oc2ccc(Oc3ccc(C(=O)c4ccc(Oc5ccc(Oc6ccc(C(=O)c7ccc(Oc8ccc(Oc9ccc(Cl)c(Cl)c9)cc8)cc7)cc6)cc5)cc4)cc3)cc2)cc1,0.6774,619.01,3.4229
PEEK,c1ccc(Oc2ccc(Oc3ccc(C(=O)c4ccc(Oc5ccc(Oc6ccc(C(=O)c7ccc(Oc8ccc(Oc9ccc(C(=O)c%10ccccc%10)cc9)cc8)cc7)cc6)cc5)cc4)cc3)cc2)cc1,O=C(c1ccccc1)c1ccc(Oc2ccc(Oc3ccc(C(=O)c4ccc(Oc5ccc(Oc6ccc(C(=O)c7ccc(Oc8ccc(Oc9ccc(F)c(Cl)c9)cc8)cc7)cc6)cc5)cc4)cc3)cc2)cc1,0.6176,618.58,3.4264
PEEK,c1ccc(Oc2ccc(Oc3ccc(C(=O)c4ccc(Oc5ccc(Oc6ccc(C(=O)c7ccc(Oc8ccc(Oc9ccc(C(=O)c%10ccccc%10)cc9)cc8)cc7)cc6)cc5)cc4)cc3)cc2)cc1,O=C(c1ccccc1)c1ccc(Oc2ccc(Oc3ccc(C(=O)c4ccc(Oc5ccc(Oc6ccc(C(=O)c7ccc(Oc8ccc(Oc9ccc(Cl)c(Cl)c9Cl)cc8)cc7)cc6)cc5)cc4)cc3)cc2)cc1,0.6176,614.71,3.4218
PEEK,c1ccc(Oc2ccc(Oc3ccc(C(=O)c4ccc(Oc5ccc(Oc6ccc(C(=O)c7ccc(Oc8ccc(Oc9ccc(C(=O)c%10ccccc%10)cc9)cc8)cc7)cc6)cc5)cc4)cc3)cc2)cc1,O=C(c1ccccc1)c1ccc(Oc2ccc(Oc3ccc(C(=O)c4ccc(Oc5ccc(Oc6ccc(C(=O)c7ccc(Oc8ccc(Oc9ccc(C(F)(F)F)cc9)cc8)cc7)cc6)cc5)cc4)cc3)cc2)cc1,0.7,609.97,3.4203
PEEK,c1ccc(Oc2ccc(Oc3ccc(C(=O)c4ccc(Oc5ccc(Oc6ccc(C(=O)c7ccc(Oc8ccc(Oc9ccc(C(=O)c%10ccccc%10)cc9)cc8)cc7)cc6)cc5)cc4)cc3)cc2)cc1,O=C(c1ccccc1)c1ccc(Oc2ccc(Oc3ccc(C(=O)c4ccc(Oc5ccc(Oc6ccc(C(=O)c7ccc(Oc8ccc(Oc9ccc(F)c(F)c9F)cc8)cc7)cc6)cc5)cc4)cc3)cc2)cc1,0.6176,618.5,3.4262
PEEK,c1ccc(Oc2ccc(Oc3ccc(C(=O)c4ccc(Oc5ccc(Oc6ccc(C(=O)c7ccc(Oc8ccc(Oc9ccc(C(=O)c%10ccccc%10)cc9)cc8)cc7)cc6)cc5)cc4)cc3)cc2)cc1,O=C(c1ccccc1)c1ccc(Oc2ccc(Oc3ccc(C(=O)c4ccc(Oc5ccc(Oc6ccc(C(=O)c7ccc(Oc8ccc(Oc9c(Cl)cc(Cl)c(Cl)c9Cl)cc8)cc7)cc6)cc5)cc4)cc3)cc2)cc1,0.6,614.71,3.4218
PEEK,c1ccc(Oc2ccc(Oc3ccc(C(=O)c4ccc(Oc5ccc(Oc6ccc(C(=O)c7ccc(Oc8ccc(Oc9ccc(C(=O)c%10ccccc%10)cc9)cc8)cc7)cc6)cc5)cc4)cc3)cc2)cc1,O=C(c1ccccc1)c1ccc(Oc2ccc(Oc3ccc(C(=O)c4ccc(Oc5ccc(Oc6ccc(C(=O)c7ccc(Oc8ccc(Oc9c(F)cc(F)c(F)c9F)cc8)cc7)cc6)cc5)cc4)cc3)cc2)cc1,0.6,618.13,3.4254
PEEK,c1ccc(Oc2ccc(Oc3ccc(C(=O)c4ccc(Oc5ccc(Oc6ccc(C(=O)c7ccc(Oc8ccc(Oc9ccc(C(=O)c%10ccccc%10)cc9)cc8)cc7)cc6)cc5)cc4)cc3)cc2)cc1,O=C(c1ccccc1)c1ccc(Oc2ccc(Oc3ccc(C(=O)c4ccc(Oc5ccc(Oc6ccc(C(=O)c7ccc(Oc8ccc(Oc9c(Cl)c(Cl)c(Cl)c(Cl)c9Cl)cc8)cc7)cc6)cc5)cc4)cc3)cc2)cc1,0.7,614.71,3.4218
PEEK,c1ccc(Oc2ccc(Oc3ccc(C(=O)c4ccc(Oc5ccc(Oc6ccc(C(=O)c7ccc(Oc8ccc(Oc9ccc(C(=O)c%10ccccc%10)cc9)cc8)cc7)cc6)cc5)cc4)cc3)cc2)cc1,O=C(c1ccccc1)c1ccc(Oc2ccc(Oc3ccc(C(=O)c4ccc(Oc5ccc(Oc6ccc(C(=O)c7ccc(Oc8ccc(Oc9ccc(C(F)(F)F)c(C(F)(F)F)c9)cc8)cc7)cc6)cc5)cc4)cc3)cc2)cc1,0.6176,610.65,3.4099
PEEK,c1ccc(Oc2ccc(Oc3ccc(C(=O)c4ccc(Oc5ccc(Oc6ccc(C(=O)c7ccc(Oc8ccc(Oc9ccc(C(=O)c%10ccccc%10)cc9)cc8)cc7)cc6)cc5)cc4)cc3)cc2)cc1,Cc1ccc(Oc2ccc(Oc3ccc(C(=O)c4ccc(Oc5ccc(Oc6ccc(C(=O)c7ccc(Oc8ccc(Oc9ccc(C(=O)c%10ccccc%10)cc9)cc8)cc7)cc6)cc5)cc4)cc3)cc2)cc1,0.7778,618.56,3.4169
PEEK,c1ccc(Oc2ccc(Oc3ccc(C(=O)c4ccc(Oc5ccc(Oc6ccc(C(=O)c7ccc(Oc8ccc(Oc9ccc(C(=O)c%10ccccc%10)cc9)cc8)cc7)cc6)cc5)cc4)cc3)cc2)cc1,O=C(c1ccccc1)c1ccc(Oc2ccc(Oc3ccc(C(=O)c4ccc(Oc5ccc(Oc6ccc(C(=O)c7ccc(Oc8ccc(Oc9c(F)c(F)c(F)c(F)c9F)cc8)cc7)cc6)cc5)cc4)cc3)cc2)cc1,0.7,609.98,3.424
PEEK,c1ccc(Oc2ccc(Oc3ccc(C(=O)c4ccc(Oc5ccc(Oc6ccc(C(=O)c7ccc(Oc8ccc(Oc9ccc(C(=O)c%10ccccc%10)cc9)cc8)cc7)cc6)cc5)cc4)cc3)cc2)cc1,Cc1ccc(Oc2ccc(Oc3ccc(C(=O)c4ccc(Oc5ccc(Oc6ccc(C(=O)c7ccc(Oc8ccc(Oc9ccc(C(=O)c%10ccccc%10)cc9)cc8)cc7)cc6)cc5)cc4)cc3)cc2)cc1C,0.6774,619.01,3.4056
PEEK,c1ccc(Oc2ccc(Oc3ccc(C(=O)c4ccc(Oc5ccc(Oc6ccc(C(=O)c7ccc(Oc8ccc(Oc9ccc(C(=O)c%10ccccc%10)cc9)cc8)cc7)cc6)cc5)cc4)cc3)cc2)cc1,Cc1ccc(Oc2ccc(Oc3ccc(C(=O)c4ccc(Oc5ccc(Oc6ccc(C(=O)c7ccc(Oc8ccc(Oc9ccc(C(=O)c%10ccccc%10)cc9)cc8)cc7)cc6)cc5)cc4)cc3)cc2)cc1Cl,0.6176,619.01,3.4215
PEEK,c1ccc(Oc2ccc(Oc3ccc(C(=O)c4ccc(Oc5ccc(Oc6ccc(C(=O)c7ccc(Oc8ccc(Oc9ccc(C(=O)c%10ccccc%10)cc9)cc8)cc7)cc6)cc5)cc4)cc3)cc2)cc1,Cc1ccc(Oc2ccc(Oc3ccc(C(=O)c4ccc(Oc5ccc(Oc6ccc(C(=O)c7ccc(Oc8ccc(Oc9ccc(C(=O)c%10ccccc%10)cc9)cc8)cc7)cc6)cc5)cc4)cc3)cc2)c(C)c1C,0.6176,619.01,3.3987
PEEK,c1ccc(Oc2ccc(Oc3ccc(C(=O)c4ccc(Oc5ccc(Oc6ccc(C(=O)c7ccc(Oc8ccc(Oc9ccc(C(=O)c%10ccccc%10)cc9)cc8)cc7)cc6)cc5)cc4)cc3)cc2)cc1,Cc1cc(C)c(Oc2ccc(Oc3ccc(C(=O)c4ccc(Oc5ccc(Oc6ccc(C(=O)c7ccc(Oc8ccc(Oc9ccc(C(=O)c%10ccccc%10)cc9)cc8)cc7)cc6)cc5)cc4)cc3)cc2)c(C)c1C,0.6,619.17,3.4006
PEEK,c1ccc(Oc2ccc(Oc3ccc(C(=O)c4ccc(Oc5ccc(Oc6ccc(C(=O)c7ccc(Oc8ccc(Oc9ccc(C(=O)c%10ccccc%10)cc9)cc8)cc7)cc6)cc5)cc4)cc3)cc2)cc1,Cc1c(C)c(C)c(Oc2ccc(Oc3ccc(C(=O)c4ccc(Oc5ccc(Oc6ccc(C(=O)c7ccc(Oc8ccc(Oc9ccc(C(=O)c%10ccccc%10)cc9)cc8)cc7)cc6)cc5)cc4)cc3)cc2)c(C)c1C,0.7,619.17,3.3963
PEEK,c1ccc(Oc2ccc(Oc3ccc(C(=O)c4ccc(Oc5ccc(Oc6ccc(C(=O)c7ccc(Oc8ccc(Oc9ccc(C(=O)c%10ccccc%10)cc9)cc8)cc7)cc6)cc5)cc4)cc3)cc2)cc1,Cc1ccc(Oc2ccc(Oc3ccc(C(=O)c4ccc(Oc5ccc(Oc6ccc(C(=O)c7ccc(Oc8ccc(Oc9ccc(C(=O)c%10ccccc%10)cc9)cc8)cc7)cc6)cc5)cc4)cc3)cc2)cc1F,0.6176,618.58,3.4201
PEEK,c1ccc(Oc2ccc(Oc3ccc(C(=O)c4ccc(Oc5ccc(Oc6ccc(C(=O)c7ccc(Oc8ccc(Oc9ccc(C(=O)c%10ccccc%10)cc9)cc8)cc7)cc6)cc5)cc4)cc3)cc2)cc1,c1ccc(Oc2ccc(Oc3ccc(C(=O)c4ccc(Oc5ccc(Oc6ccc(C(=O)c7ccc(Oc8ccc(Oc9ccc(C(=O)c%10ccccc%10)cc9)cc8)cc7)cc6)cc5)cc4)cc3)cc2)cc1,1.0,617.92,3.4173
PEEK,c1ccc(Oc2ccc(Oc3ccc(C(=O)c4ccc(Oc5ccc(Oc6ccc(C(=O)c7ccc(Oc8ccc(Oc9ccc(C(=O)c%10ccccc%10)cc9)cc8)cc7)cc6)cc5)cc4)cc3)cc2)cc1,c1ccc(Oc2ccc(Oc3ccc(C(=O)c4ccc(Oc5ccc(Oc6ccc(C(=O)c7ccc(Oc8ccc(Oc9ccc(C(=O)c%10ccccc%10)cc9)cc8)cc7)cc6)cc5)cc4)cc3)cc2)cc1,1.0,617.92,3.4173
PEEK,c1ccc(Oc2ccc(Oc3ccc(C(=O)c4ccc(Oc5ccc(Oc6ccc(C(=O)c7ccc(Oc8ccc(Oc9ccc(C(=O)c%10ccccc%10)cc9)cc8)cc7)cc6)cc5)cc4)cc3)cc2)cc1,c1ccc(Oc2ccc(Oc3ccc(C(=O)c4ccc(Oc5ccc(Oc6ccc(C(=O)c7ccc(Oc8ccc(Oc9ccc(C(=O)c%10ccccc%10)cc9)cc8)cc7)cc6)cc5)cc4)cc3)cc2)cc1,1.0,617.92,3.4173
PEEK,c1ccc(Oc2ccc(Oc3ccc(C(=O)c4ccc(Oc5ccc(Oc6ccc(C(=O)c7ccc(Oc8ccc(Oc9ccc(C(=O)c%10ccccc%10)cc9)cc8)cc7)cc6)cc5)cc4)cc3)cc2)cc1,c1ccc(Oc2ccc(Oc3ccc(C(=O)c4ccc(Oc5ccc(Oc6ccc(C(=O)c7ccc(Oc8ccc(Oc9ccc(C(=O)c%10ccccc%10)cc9)cc8)cc7)cc6)cc5)cc4)cc3)cc2)cc1,1.0,617.92,3.4173
PEEK,c1ccc(Oc2ccc(Oc3ccc(C(=O)c4ccc(Oc5ccc(Oc6ccc(C(=O)c7ccc(Oc8ccc(Oc9ccc(C(=O)c%10ccccc%10)cc9)cc8)cc7)cc6)cc5)cc4)cc3)cc2)cc1,c1ccc(Oc2ccc(Oc3ccc(C(=O)c4ccc(Oc5ccc(Oc6ccc(C(=O)c7ccc(Oc8ccc(Oc9ccc(C(=O)c%10ccccc%10)cc9)cc8)cc7)cc6)cc5)cc4)cc3)cc2)cc1,1.0,617.92,3.4173
PEEK,c1ccc(Oc2ccc(Oc3ccc(C(=O)c4ccc(Oc5ccc(Oc6ccc(C(=O)c7ccc(Oc8ccc(Oc9ccc(C(=O)c%10ccccc%10)cc9)cc8)cc7)cc6)cc5)cc4)cc3)cc2)cc1,c1ccc(Oc2ccc(Oc3ccc(C(=O)c4ccc(Oc5ccc(Oc6ccc(C(=O)c7ccc(Oc8ccc(Oc9ccc(C(=O)c%10ccccc%10)cc9)cc8)cc7)cc6)cc5)cc4)cc3)cc2)cc1,1.0,617.92,3.4173
PEEK,c1ccc(Oc2ccc(Oc3ccc(C(=O)c4ccc(Oc5ccc(Oc6ccc(C(=O)c7ccc(Oc8ccc(Oc9ccc(C(=O)c%10ccccc%10)cc9)cc8)cc7)cc6)cc5)cc4)cc3)cc2)cc1,c1ccc(Oc2ccc(Oc3ccc(C(=O)c4ccc(Oc5ccc(Oc6ccc(C(=O)c7ccc(Oc8ccc(Oc9ccc(C(=O)c%10ccccc%10)cc9)cc8)cc7)cc6)cc5)cc4)cc3)cc2)cc1,1.0,617.92,3.4173
PEEK,c1ccc(Oc2ccc(Oc3ccc(C(=O)c4ccc(Oc5ccc(Oc6ccc(C(=O)c7ccc(Oc8ccc(Oc9ccc(C(=O)c%10ccccc%10)cc9)cc8)cc7)cc6)cc5)cc4)cc3)cc2)cc1,c1ccc(Oc2ccc(Oc3ccc(C(=O)c4ccc(Oc5ccc(Oc6ccc(C(=O)c7ccc(Oc8ccc(Oc9ccc(C(=O)c%10ccccc%10)cc9)cc8)cc7)cc6)cc5)cc4)cc3)cc2)cc1,1.0,617.92,3.4173
PEEK,c1ccc(Oc2ccc(Oc3ccc(C(=O)c4ccc(Oc5ccc(Oc6ccc(C(=O)c7ccc(Oc8ccc(Oc9ccc(C(=O)c%10ccccc%10)cc9)cc8)cc7)cc6)cc5)cc4)cc3)cc2)cc1,c1ccc(Oc2ccc(Oc3ccc(C(=O)c4ccc(Oc5ccc(Oc6ccc(C(=O)c7ccc(Oc8ccc(Oc9ccc(C(=O)c%10ccccc%10)cc9)cc8)cc7)cc6)cc5)cc4)cc3)cc2)cc1,1.0,617.92,3.4173
PEEK,c1ccc(Oc2ccc(Oc3ccc(C(=O)c4ccc(Oc5ccc(Oc6ccc(C(=O)c7ccc(Oc8ccc(Oc9ccc(C(=O)c%10ccccc%10)cc9)cc8)cc7)cc6)cc5)cc4)cc3)cc2)cc1,c1ccc(Oc2ccc(Oc3ccc(C(=O)c4ccc(Oc5ccc(Oc6ccc(C(=O)c7ccc(Oc8ccc(Oc9ccc(C(=O)c%10ccccc%10)cc9)cc8)cc7)cc6)cc5)cc4)cc3)cc2)cc1,1.0,617.92,3.4173
PEEK,c1ccc(Oc2ccc(Oc3ccc(C(=O)c4ccc(Oc5ccc(Oc6ccc(C(=O)c7ccc(Oc8ccc(Oc9ccc(C(=O)c%10ccccc%10)cc9)cc8)cc7)cc6)cc5)cc4)cc3)cc2)cc1,c1ccc(Oc2ccc(Oc3ccc(C(=O)c4ccc(Oc5ccc(Oc6ccc(C(=O)c7ccc(Oc8ccc(Oc9ccc(C(=O)c%10ccccc%10)cc9)cc8)cc7)cc6)cc5)cc4)cc3)cc2)cc1,1.0,617.92,3.4173
PEEK,c1ccc(Oc2ccc(Oc3ccc(C(=O)c4ccc(Oc5ccc(Oc6ccc(C(=O)c7ccc(Oc8ccc(Oc9ccc(C(=O)c%10ccccc%10)cc9)cc8)cc7)cc6)cc5)cc4)cc3)cc2)cc1,c1ccc(Oc2ccc(Oc3ccc(C(=O)c4ccc(Oc5ccc(Oc6ccc(C(=O)c7ccc(Oc8ccc(Oc9ccc(C(=O)c%10ccccc%10)cc9)cc8)cc7)cc6)cc5)cc4)cc3)cc2)cc1,1.0,617.92,3.4173
PEEK,c1ccc(Oc2ccc(Oc3ccc(C(=O)c4ccc(Oc5ccc(Oc6ccc(C(=O)c7ccc(Oc8ccc(Oc9ccc(C(=O)c%10ccccc%10)cc9)cc8)cc7)cc6)cc5)cc4)cc3)cc2)cc1,c1ccc(Oc2ccc(Oc3ccc(C(=O)c4ccc(Oc5ccc(Oc6ccc(C(=O)c7ccc(Oc8ccc(Oc9ccc(C(=O)c%10ccccc%10)cc9)cc8)cc7)cc6)cc5)cc4)cc3)cc2)cc1,1.0,617.92,3.4173
PEEK,c1ccc(Oc2ccc(Oc3ccc(C(=O)c4ccc(Oc5ccc(Oc6ccc(C(=O)c7ccc(Oc8ccc(Oc9ccc(C(=O)c%10ccccc%10)cc9)cc8)cc7)cc6)cc5)cc4)cc3)cc2)cc1,c1ccc(Oc2ccc(Oc3ccc(C(=O)c4ccc(Oc5ccc(Oc6ccc(C(=O)c7ccc(Oc8ccc(Oc9ccc(C(=O)c%10ccccc%10)cc9)cc8)cc7)cc6)cc5)cc4)cc3)cc2)cc1,1.0,617.92,3.4173
PEEK,c1ccc(Oc2ccc(Oc3ccc(C(=O)c4ccc(Oc5ccc(Oc6ccc(C(=O)c7ccc(Oc8ccc(Oc9ccc(C(=O)c%10ccccc%10)cc9)cc8)cc7)cc6)cc5)cc4)cc3)cc2)cc1,c1ccc(Oc2ccc(Oc3ccc(C(=O)c4ccc(Oc5ccc(Oc6ccc(C(=O)c7ccc(Oc8ccc(Oc9ccc(C(=O)c%10ccccc%10)cc9)cc8)cc7)cc6)cc5)cc4)cc3)cc2)cc1,1.0,617.92,3.4173
PEEK,c1ccc(Oc2ccc(Oc3ccc(C(=O)c4ccc(Oc5ccc(Oc6ccc(C(=O)c7ccc(Oc8ccc(Oc9ccc(C(=O)c%10ccccc%10)cc9)cc8)cc7)cc6)cc5)cc4)cc3)cc2)cc1,c1ccc(Oc2ccc(Oc3ccc(C(=O)c4ccc(Oc5ccc(Oc6ccc(C(=O)c7ccc(Oc8ccc(Oc9ccc(C(=O)c%10ccccc%10)cc9)cc8)cc7)cc6)cc5)cc4)cc3)cc2)cc1,1.0,617.92,3.4173
PEEK,c1ccc(Oc2ccc(Oc3ccc(C(=O)c4ccc(Oc5ccc(Oc6ccc(C(=O)c7ccc(Oc8ccc(Oc9ccc(C(=O)c%10ccccc%10)cc9)cc8)cc7)cc6)cc5)cc4)cc3)cc2)cc1,c1ccc(Oc2ccc(Oc3ccc(C(=O)c4ccc(Oc5ccc(Oc6ccc(C(=O)c7ccc(Oc8ccc(Oc9ccc(C(=O)c%10ccccc%10)cc9)cc8)cc7)cc6)cc5)cc4)cc3)cc2)cc1,1.0,617.92,3.4173
PEEK,c1ccc(Oc2ccc(Oc3ccc(C(=O)c4ccc(Oc5ccc(Oc6ccc(C(=O)c7ccc(Oc8ccc(Oc9ccc(C(=O)c%10ccccc%10)cc9)cc8)cc7)cc6)cc5)cc4)cc3)cc2)cc1,c1ccc(Oc2ccc(Oc3ccc(C(=O)c4ccc(Oc5ccc(Oc6ccc(C(=O)c7ccc(Oc8ccc(Oc9ccc(C(=O)c%10ccccc%10)cc9)cc8)cc7)cc6)cc5)cc4)cc3)cc2)cc1,1.0,617.92,3.4173
PEEK,c1ccc(Oc2ccc(Oc3ccc(C(=O)c4ccc(Oc5ccc(Oc6ccc(C(=O)c7ccc(Oc8ccc(Oc9ccc(C(=O)c%10ccccc%10)cc9)cc8)cc7)cc6)cc5)cc4)cc3)cc2)cc1,c1ccc(Oc2ccc(Oc3ccc(C(=O)c4ccc(Oc5ccc(Oc6ccc(C(=O)c7ccc(Oc8ccc(Oc9ccc(C(=O)c%10ccccc%10)cc9)cc8)cc7)cc6)cc5)cc4)cc3)cc2)cc1,1.0,617.92,3.4173
PEEK,c1ccc(Oc2ccc(Oc3ccc(C(=O)c4ccc(Oc5ccc(Oc6ccc(C(=O)c7ccc(Oc8ccc(Oc9ccc(C(=O)c%10ccccc%10)cc9)cc8)cc7)cc6)cc5)cc4)cc3)cc2)cc1,c1ccc(Oc2ccc(Oc3ccc(C(=O)c4ccc(Oc5ccc(Oc6ccc(C(=O)c7ccc(Oc8ccc(Oc9ccc(C(=O)c%10ccccc%10)cc9)cc8)cc7)cc6)cc5)cc4)cc3)cc2)cc1,1.0,617.92,3.4173
PEEK,c1ccc(Oc2ccc(Oc3ccc(C(=O)c4ccc(Oc5ccc(Oc6ccc(C(=O)c7ccc(Oc8ccc(Oc9ccc(C(=O)c%10ccccc%10)cc9)cc8)cc7)cc6)cc5)cc4)cc3)cc2)cc1,c1ccc(Oc2ccc(Oc3ccc(C(=O)c4ccc(Oc5ccc(Oc6ccc(C(=O)c7ccc(Oc8ccc(Oc9ccc(C(=O)c%10ccccc%10)cc9)cc8)cc7)cc6)cc5)cc4)cc3)cc2)cc1,1.0,617.92,3.4173
PEEK,c1ccc(Oc2ccc(Oc3ccc(C(=O)c4ccc(Oc5ccc(Oc6ccc(C(=O)c7ccc(Oc8ccc(Oc9ccc(C(=O)c%10ccccc%10)cc9)cc8)cc7)cc6)cc5)cc4)cc3)cc2)cc1,c1ccc(Oc2ccc(Oc3ccc(C(=O)c4ccc(Oc5ccc(Oc6ccc(C(=O)c7ccc(Oc8ccc(Oc9ccc(C(=O)c%10ccccc%10)cc9)cc8)cc7)cc6)cc5)cc4)cc3)cc2)cc1,1.0,617.92,3.4173
PEEK,c1ccc(Oc2ccc(Oc3ccc(C(=O)c4ccc(Oc5ccc(Oc6ccc(C(=O)c7ccc(Oc8ccc(Oc9ccc(C(=O)c%10ccccc%10)cc9)cc8)cc7)cc6)cc5)cc4)cc3)cc2)cc1,c1ccc(Oc2ccc(Oc3ccc(C(=O)c4ccc(Oc5ccc(Oc6ccc(C(=O)c7ccc(Oc8ccc(Oc9ccc(C(=O)c%10ccccc%10)cc9)cc8)cc7)cc6)cc5)cc4)cc3)cc2)cc1,1.0,617.92,3.4173
PEEK,c1ccc(Oc2ccc(Oc3ccc(C(=O)c4ccc(Oc5ccc(Oc6ccc(C(=O)c7ccc(Oc8ccc(Oc9ccc(C(=O)c%10ccccc%10)cc9)cc8)cc7)cc6)cc5)cc4)cc3)cc2)cc1,c1ccc(Oc2ccc(Oc3ccc(C(=O)c4ccc(Oc5ccc(Oc6ccc(C(=O)c7ccc(Oc8ccc(Oc9ccc(C(=O)c%10ccccc%10)cc9)cc8)cc7)cc6)cc5)cc4)cc3)cc2)cc1,1.0,617.92,3.4173
PEEK,c1ccc(Oc2ccc(Oc3ccc(C(=O)c4ccc(Oc5ccc(Oc6ccc(C(=O)c7ccc(Oc8ccc(Oc9ccc(C(=O)c%10ccccc%10)cc9)cc8)cc7)cc6)cc5)cc4)cc3)cc2)cc1,c1ccc(Oc2ccc(Oc3ccc(C(=O)c4ccc(Oc5ccc(Oc6ccc(C(=O)c7ccc(Oc8ccc(Oc9ccc(C(=O)c%10ccccc%10)cc9)cc8)cc7)cc6)cc5)cc4)cc3)cc2)cc1,1.0,617.92,3.4173
PEEK,c1ccc(Oc2ccc(Oc3ccc(C(=O)c4ccc(Oc5ccc(Oc6ccc(C(=O)c7ccc(Oc8ccc(Oc9ccc(C(=O)c%10ccccc%10)cc9)cc8)cc7)cc6)cc5)cc4)cc3)cc2)cc1,c1ccc(Oc2ccc(Oc3ccc(C(=O)c4ccc(Oc5ccc(Oc6ccc(C(=O)c7ccc(Oc8ccc(Oc9ccc(C(=O)c%10ccccc%10)cc9)cc8)cc7)cc6)cc5)cc4)cc3)cc2)cc1,1.0,617.92,3.4173
PEEK,c1ccc(Oc2ccc(Oc3ccc(C(=O)c4ccc(Oc5ccc(Oc6ccc(C(=O)c7ccc(Oc8ccc(Oc9ccc(C(=O)c%10ccccc%10)cc9)cc8)cc7)cc6)cc5)cc4)cc3)cc2)cc1,c1ccc(Oc2ccc(Oc3ccc(C(=O)c4ccc(Oc5ccc(Oc6ccc(C(=O)c7ccc(Oc8ccc(Oc9ccc(C(=O)c%10ccccc%10)cc9)cc8)cc7)cc6)cc5)cc4)cc3)cc2)cc1,1.0,617.92,3.4173
PTFE,FC(F)(F)C(F)(F)C(F)(F)C(F)(F)C(F)(F)C(F)(F)C(F)(F)C(F)(F)C(F)(F)C(F)(F)C(F)(F)F,OC(F)(F)C(F)(F)C(F)(F)C(F)(F)C(F)(F)C(F)(F)C(F)(F)C(F)(F)C(F)(F)C(F)(F)C(F)(F)F,0.6154,162.86,1.5782
PTFE,FC(F)(F)C(F)(F)C(F)(F)C(F)(F)C(F)(F)C(F)(F)C(F)(F)C(F)(F)C(F)(F)C(F)(F)C(F)(F)F,OC(O)(F)C(F)(F)C(F)(F)C(F)(F)C(F)(F)C(F)(F)C(F)(F)C(F)(F)C(F)(F)C(F)(F)C(F)(F)F,0.6154,162.86,1.5782
PTFE,FC(F)(F)C(F)(F)C(F)(F)C(F)(F)C(F)(F)C(F)(F)C(F)(F)C(F)(F)C(F)(F)C(F)(F)C(F)(F)F,CC(F)(F)C(F)(F)C(F)(F)C(F)(F)C(F)(F)C(F)(F)C(F)(F)C(F)(F)C(F)(F)C(F)(F)C(F)(F)F,0.6154,162.97,1.5875
PTFE,FC(F)(F)C(F)(F)C(F)(F)C(F)(F)C(F)(F)C(F)(F)C(F)(F)C(F)(F)C(F)(F)C(F)(F)C(F)(F)F,FC(F)(F)C(F)(F)C(F)(F)C(F)(F)C(F)(F)C(F)(F)C(F)(F)C(F)(F)C(F)(F)C(F)(F)C(F)(F)Br,0.6154,162.97,1.5863
PTFE,FC(F)(F)C(F)(F)C(F)(F)C(F)(F)C(F)(F)C(F)(F)C(F)(F)C(F)(F)C(F)(F)C(F)(F)C(F)(F)F,FC(F)(F)C(F)(F)C(F)(F)C(F)(F)C(F)(F)C(F)(F)C(F)(F)C(F)(F)C(F)(F)C(F)(F)C(F)(Br)Br,0.6154,163.12,1.5843
PTFE,FC(F)(F)C(F)(F)C(F)(F)C(F)(F)C(F)(F)C(F)(F)C(F)(F)C(F)(F)C(F)(F)C(F)(F)C(F)(F)F,FC(F)(F)C(F)(F)C(F)(F)C(F)(F)C(F)(F)C(F)(F)C(F)(F)C(F)(F)C(F)(F)C(F)(F)C(Br)(Br)Br,0.6154,163.15,1.5843
PTFE,FC(F)(F)C(F)(F)C(F)(F)C(F)(F)C(F)(F)C(F)(F)C(F)(F)C(F)(F)C(F)(F)C(F)(F)C(F)(F)F,FC(F)(F)C(F)(F)C(F)(F)C(F)(F)C(F)(F)C(F)(F)C(F)(F)C(F)(F)C(F)(F)C(F)(F)C(F)(F)Cl,0.6667,162.97,1.5863
PTFE,FC(F)(F)C(F)(F)C(F)(F)C(F)(F)C(F)(F)C(F)(F)C(F)(F)C(F)(F)C(F)(F)C(F)(F)C(F)(F)F,FC(F)(F)C(F)(F)C(F)(F)C(F)(F)C(F)(F)C(F)(F)C(F)(F)C(F)(F)C(F)(F)C(F)(F)C(F)(Cl)Cl,0.6154,162.97,1.5863
PTFE,FC(F)(F)C(F)(F)C(F)(F)C(F)(F)C(F)(F)C(F)(F)C(F)(F)C(F)(F)C(F)(F)C(F)(F)C(F)(F)F,OC(O)(O)C(F)(F)C(F)(F)C(F)(F)C(F)(F)C(F)(F)C(F)(F)C(F)(F)C(F)(F)C(F)(F)C(F)(F)F,0.6154,162.77,1.578
PTFE,FC(F)(F)C(F)(F)C(F)(F)C(F)(F)C(F)(F)C(F)(F)C(F)(F)C(F)(F)C(F)(F)C(F)(F)C(F)(F)F,CC(C)(F)C(F)(F)C(F)(F)C(F)(F)C(F)(F)C(F)(F)C(F)(F)C(F)(F)C(F)(F)C(F)(F)C(F)(F)F,0.6154,162.97,1.5873
PTFE,FC(F)(F)C(F)(F)C(F)(F)C(F)(F)C(F)(F)C(F)(F)C(F)(F)C(F)(F)C(F)(F)C(F)(F)C(F)(F)F,FC(F)(F)C(F)(F)C(F)(F)C(F)(F)C(F)(F)C(F)(F)C(F)(F)C(F)(F)C(F)(F)C(F)(F)C(Cl)(Cl)Cl,0.6154,163.15,1.5843
PTFE,FC(F)(F)C(F)(F)C(F)(F)C(F)(F)C(F)(F)C(F)(F)C(F)(F)C(F)(F)C(F)(F)C(F)(F)C(F)(F)F,CC(C)(C)C(F)(F)C(F)(F)C(F)(F)C(F)(F)C(F)(F)C(F)(F)C(F)(F)C(F)(F)C(F)(F)C(F)(F)F,0.6154,163.01,1.5865
PTFE,FC(F)(F)C(F)(F)C(F)(F)C(F)(F)C(F)(F)C(F)(F)C(F)(F)C(F)(F)C(F)(F)C(F)(F)C(F)(F)F,FC(F)(F)C(F)(F)C(F)(F)C(F)(F)C(F)(F)C(F)(F)C(F)(F)C(F)(F)C(F)(F)C(F)(F)C(F)(F)F,1.0,163.01,1.5882
PTFE,FC(F)(F)C(F)(F)C(F)(F)C(F)(F)C(F)(F)C(F)(F)C(F)(F)C(F)(F)C(F)(F)C(F)(F)C(F)(F)F,FC(F)(F)C(F)(F)C(F)(F)C(F)(F)C(F)(F)C(F)(F)C(F)(F)C(F)(F)C(F)(F)C(F)(F)C(F)(F)F,1.0,163.01,1.5882
PTFE,FC(F)(F)C(F)(F)C(F)(F)C(F)(F)C(F)(F)C(F)(F)C(F)(F)C(F)(F)C(F)(F)C(F)(F)C(F)(F)F,FC(F)(F)C(F)(F)C(F)(F)C(F)(F)C(F)(F)C(F)(F)C(F)(F)C(F)(F)C(F)(F)C(F)(F)C(F)(F)F,1.0,163.01,1.5882
PTFE,FC(F)(F)C(F)(F)C(F)(F)C(F)(F)C(F)(F)C(F)(F)C(F)(F)C(F)(F)C(F)(F)C(F)(F)C(F)(F)F,FC(F)(F)C(F)(F)C(F)(F)C(F)(F)C(F)(F)C(F)(F)C(F)(F)C(F)(F)C(F)(F)C(F)(F)C(F)(F)F,1.0,163.01,1.5882
PTFE,FC(F)(F)C(F)(F)C(F)(F)C(F)(F)C(F)(F)C(F)(F)C(F)(F)C(F)(F)C(F)(F)C(F)(F)C(F)(F)F,FC(F)(F)C(F)(F)C(F)(F)C(F)(F)C(F)(F)C(F)(F)C(F)(F)C(F)(F)C(F)(F)C(F)(F)C(F)(F)F,1.0,163.01,1.5882
PTFE,FC(F)(F)C(F)(F)C(F)(F)C(F)(F)C(F)(F)C(F)(F)C(F)(F)C(F)(F)C(F)(F)C(F)(F)C(F)(F)F,FC(F)(F)C(F)(F)C(F)(F)C(F)(F)C(F)(F)C(F)(F)C(F)(F)C(F)(F)C(F)(F)C(F)(F)C(F)(F)F,1.0,163.01,1.5882
PTFE,FC(F)(F)C(F)(F)C(F)(F)C(F)(F)C(F)(F)C(F)(F)C(F)(F)C(F)(F)C(F)(F)C(F)(F)C(F)(F)F,FC(F)(F)C(F)(F)C(F)(F)C(F)(F)C(F)(F)C(F)(F)C(F)(F)C(F)(F)C(F)(F)C(F)(F)C(F)(F)F,1.0,163.01,1.5882
PTFE,FC(F)(F)C(F)(F)C(F)(F)C(F)(F)C(F)(F)C(F)(F)C(F)(F)C(F)(F)C(F)(F)C(F)(F)C(F)(F)F,FC(F)(F)C(F)(F)C(F)(F)C(F)(F)C(F)(F)C(F)(F)C(F)(F)C(F)(F)C(F)(F)C(F)(F)C(F)(F)F,1.0,163.01,1.5882
PTFE,FC(F)(F)C(F)(F)C(F)(F)C(F)(F)C(F)(F)C(F)(F)C(F)(F)C(F)(F)C(F)(F)C(F)(F)C(F)(F)F,FC(F)(F)C(F)(F)C(F)(F)C(F)(F)C(F)(F)C(F)(F)C(F)(F)C(F)(F)C(F)(F)C(F)(F)C(F)(F)F,1.0,163.01,1.5882
PTFE,FC(F)(F)C(F)(F)C(F)(F)C(F)(F)C(F)(F)C(F)(F)C(F)(F)C(F)(F)C(F)(F)C(F)(F)C(F)(F)F,FC(F)(F)C(F)(F)C(F)(F)C(F)(F)C(F)(F)C(F)(F)C(F)(F)C(F)(F)C(F)(F)C(F)(F)C(F)(F)F,1.0,163.01,1.5882
PTFE,FC(F)(F)C(F)(F)C(F)(F)C(F)(F)C(F)(F)C(F)(F)C(F)(F)C(F)(F)C(F)(F)C(F)(F)C(F)(F)F,FC(F)(F)C(F)(F)C(F)(F)C(F)(F)C(F)(F)C(F)(F)C(F)(F)C(F)(F)C(F)(F)C(F)(F)C(F)(F)F,1.0,163.01,1.5882
PTFE,FC(F)(F)C(F)(F)C(F)(F)C(F)(F)C(F)(F)C(F)(F)C(F)(F)C(F)(F)C(F)(F)C(F)(F)C(F)(F)F,FC(F)(F)C(F)(F)C(F)(F)C(F)(F)C(F)(F)C(F)(F)C(F)(F)C(F)(F)C(F)(F)C(F)(F)C(F)(F)F,1.0,163.01,1.5882
PTFE,FC(F)(F)C(F)(F)C(F)(F)C(F)(F)C(F)(F)C(F)(F)C(F)(F)C(F)(F)C(F)(F)C(F)(F)C(F)(F)F,FC(F)(F)C(F)(F)C(F)(F)C(F)(F)C(F)(F)C(F)(F)C(F)(F)C(F)(F)C(F)(F)C(F)(F)C(F)(F)F,1.0,163.01,1.5882
PTFE,FC(F)(F)C(F)(F)C(F)(F)C(F)(F)C(F)(F)C(F)(F)C(F)(F)C(F)(F)C(F)(F)C(F)(F)C(F)(F)F,FC(F)(F)C(F)(F)C(F)(F)C(F)(F)C(F)(F)C(F)(F)C(F)(F)C(F)(F)C(F)(F)C(F)(F)C(F)(F)F,1.0,163.01,1.5882
PTFE,FC(F)(F)C(F)(F)C(F)(F)C(F)(F)C(F)(F)C(F)(F)C(F)(F)C(F)(F)C(F)(F)C(F)(F)C(F)(F)F,FC(F)(F)C(F)(F)C(F)(F)C(F)(F)C(F)(F)C(F)(F)C(F)(F)C(F)(F)C(F)(F)C(F)(F)C(F)(F)F,1.0,163.01,1.5882
PTFE,FC(F)(F)C(F)(F)C(F)(F)C(F)(F)C(F)(F)C(F)(F)C(F)(F)C(F)(F)C(F)(F)C(F)(F)C(F)(F)F,FC(F)(F)C(F)(F)C(F)(F)C(F)(F)C(F)(F)C(F)(F)C(F)(F)C(F)(F)C(F)(F)C(F)(F)C(F)(F)F,1.0,163.01,1.5882
PTFE,FC(F)(F)C(F)(F)C(F)(F)C(F)(F)C(F)(F)C(F)(F)C(F)(F)C(F)(F)C(F)(F)C(F)(F)C(F)(F)F,FC(F)(F)C(F)(F)C(F)(F)C(F)(F)C(F)(F)C(F)(F)C(F)(F)C(F)(F)C(F)(F)C(F)(F)C(F)(F)F,1.0,163.01,1.5882
PTFE,FC(F)(F)C(F)(F)C(F)(F)C(F)(F)C(F)(F)C(F)(F)C(F)(F)C(F)(F)C(F)(F)C(F)(F)C(F)(F)F,FC(F)(F)C(F)(F)C(F)(F)C(F)(F)C(F)(F)C(F)(F)C(F)(F)C(F)(F)C(F)(F)C(F)(F)C(F)(F)F,1.0,163.01,1.5882
PTFE,FC(F)(F)C(F)(F)C(F)(F)C(F)(F)C(F)(F)C(F)(F)C(F)(F)C(F)(F)C(F)(F)C(F)(F)C(F)(F)F,FC(F)(F)C(F)(F)C(F)(F)C(F)(F)C(F)(F)C(F)(F)C(F)(F)C(F)(F)C(F)(F)C(F)(F)C(F)(F)F,1.0,163.01,1.5882
PTFE,FC(F)(F)C(F)(F)C(F)(F)C(F)(F)C(F)(F)C(F)(F)C(F)(F)C(F)(F)C(F)(F)C(F)(F)C(F)(F)F,FC(F)(F)C(F)(F)C(F)(F)C(F)(F)C(F)(F)C(F)(F)C(F)(F)C(F)(F)C(F)(F)C(F)(F)C(F)(F)F,1.0,163.01,1.5882
PTFE,FC(F)(F)C(F)(F)C(F)(F)C(F)(F)C(F)(F)C(F)(F)C(F)(F)C(F)(F)C(F)(F)C(F)(F)C(F)(F)F,FC(F)(F)C(F)(F)C(F)(F)C(F)(F)C(F)(F)C(F)(F)C(F)(F)C(F)(F)C(F)(F)C(F)(F)C(F)(F)F,1.0,163.01,1.5882
PTFE,FC(F)(F)C(F)(F)C(F)(F)C(F)(F)C(F)(F)C(F)(F)C(F)(F)C(F)(F)C(F)(F)C(F)(F)C(F)(F)F,FC(F)(F)C(F)(F)C(F)(F)C(F)(F)C(F)(F)C(F)(F)C(F)(F)C(F)(F)C(F)(F)C(F)(F)C(F)(F)F,1.0,163.01,1.5882
PTFE,FC(F)(F)C(F)(F)C(F)(F)C(F)(F)C(F)(F)C(F)(F)C(F)(F)C(F)(F)C(F)(F)C(F)(F)C(F)(F)F,FC(F)(F)C(F)(F)C(F)(F)C(F)(F)C(F)(F)C(F)(F)C(F)(F)C(F)(F)C(F)(F)C(F)(F)C(F)(F)F,1.0,163.01,1.5882
PTFE,FC(F)(F)C(F)(F)C(F)(F)C(F)(F)C(F)(F)C(F)(F)C(F)(F)C(F)(F)C(F)(F)C(F)(F)C(F)(F)F,FC(F)(F)C(F)(F)C(F)(F)C(F)(F)C(F)(F)C(F)(F)C(F)(F)C(F)(F)C(F)(F)C(F)(F)C(F)(F)F,1.0,163.01,1.5882
PTFE,FC(F)(F)C(F)(F)C(F)(F)C(F)(F)C(F)(F)C(F)(F)C(F)(F)C(F)(F)C(F)(F)C(F)(F)C(F)(F)F,FC(F)(F)C(F)(F)C(F)(F)C(F)(F)C(F)(F)C(F)(F)C(F)(F)C(F)(F)C(F)(F)C(F)(F)C(F)(F)F,1.0,163.01,1.5882
PTFE,FC(F)(F)C(F)(F)C(F)(F)C(F)(F)C(F)(F)C(F)(F)C(F)(F)C(F)(F)C(F)(F)C(F)(F)C(F)(F)F,FC(F)(F)C(F)(F)C(F)(F)C(F)(F)C(F)(F)C(F)(F)C(F)(F)C(F)(F)C(F)(F)C(F)(F)C(F)(F)F,1.0,163.01,1.5882
PTFE,FC(F)(F)C(F)(F)C(F)(F)C(F)(F)C(F)(F)C(F)(F)C(F)(F)C(F)(F)C(F)(F)C(F)(F)C(F)(F)F,FC(F)(F)C(F)(F)C(F)(F)C(F)(F)C(F)(F)C(F)(F)C(F)(F)C(F)(F)C(F)(F)C(F)(F)C(F)(F)F,1.0,163.01,1.5882
PTFE,FC(F)(F)C(F)(F)C(F)(F)C(F)(F)C(F)(F)C(F)(F)C(F)(F)C(F)(F)C(F)(F)C(F)(F)C(F)(F)F,FC(F)(F)C(F)(F)C(F)(F)C(F)(F)C(F)(F)C(F)(F)C(F)(F)C(F)(F)C(F)(F)C(F)(F)C(F)(F)F,1.0,163.01,1.5882
PTFE,FC(F)(F)C(F)(F)C(F)(F)C(F)(F)C(F)(F)C(F)(F)C(F)(F)C(F)(F)C(F)(F)C(F)(F)C(F)(F)F,FC(F)(F)C(F)(F)C(F)(F)C(F)(F)C(F)(F)C(F)(F)C(F)(F)C(F)(F)C(F)(F)C(F)(F)C(F)(F)F,1.0,163.01,1.5882
PTFE,FC(F)(F)C(F)(F)C(F)(F)C(F)(F)C(F)(F)C(F)(F)C(F)(F)C(F)(F)C(F)(F)C(F)(F)C(F)(F)F,FC(F)(F)C(F)(F)C(F)(F)C(F)(F)C(F)(F)C(F)(F)C(F)(F)C(F)(F)C(F)(F)C(F)(F)C(F)(F)F,1.0,163.01,1.5882
PTFE,FC(F)(F)C(F)(F)C(F)(F)C(F)(F)C(F)(F)C(F)(F)C(F)(F)C(F)(F)C(F)(F)C(F)(F)C(F)(F)F,FC(F)(F)C(F)(F)C(F)(F)C(F)(F)C(F)(F)C(F)(F)C(F)(F)C(F)(F)C(F)(F)C(F)(F)C(F)(F)F,1.0,163.01,1.5882
PTFE,FC(F)(F)C(F)(F)C(F)(F)C(F)(F)C(F)(F)C(F)(F)C(F)(F)C(F)(F)C(F)(F)C(F)(F)C(F)(F)F,FC(F)(F)C(F)(F)C(F)(F)C(F)(F)C(F)(F)C(F)(F)C(F)(F)C(F)(F)C(F)(F)C(F)(F)C(F)(F)F,1.0,163.01,1.5882
PTFE,FC(F)(F)C(F)(F)C(F)(F)C(F)(F)C(F)(F)C(F)(F)C(F)(F)C(F)(F)C(F)(F)C(F)(F)C(F)(F)F,FC(F)(F)C(F)(F)C(F)(F)C(F)(F)C(F)(F)C(F)(F)C(F)(F)C(F)(F)C(F)(F)C(F)(F)C(F)(F)F,1.0,163.01,1.5882
PTFE,FC(F)(F)C(F)(F)C(F)(F)C(F)(F)C(F)(F)C(F)(F)C(F)(F)C(F)(F)C(F)(F)C(F)(F)C(F)(F)F,FC(F)(F)C(F)(F)C(F)(F)C(F)(F)C(F)(F)C(F)(F)C(F)(F)C(F)(F)C(F)(F)C(F)(F)C(F)(F)F,1.0,163.01,1.5882
PTFE,FC(F)(F)C(F)(F)C(F)(F)C(F)(F)C(F)(F)C(F)(F)C(F)(F)C(F)(F)C(F)(F)C(F)(F)C(F)(F)F,FC(F)(F)C(F)(F)C(F)(F)C(F)(F)C(F)(F)C(F)(F)C(F)(F)C(F)(F)C(F)(F)C(F)(F)C(F)(F)F,1.0,163.01,1.5882
PTFE,FC(F)(F)C(F)(F)C(F)(F)C(F)(F)C(F)(F)C(F)(F)C(F)(F)C(F)(F)C(F)(F)C(F)(F)C(F)(F)F,FC(F)(F)C(F)(F)C(F)(F)C(F)(F)C(F)(F)C(F)(F)C(F)(F)C(F)(F)C(F)(F)C(F)(F)C(F)(F)F,1.0,163.01,1.5882
PTFE,FC(F)(F)C(F)(F)C(F)(F)C(F)(F)C(F)(F)C(F)(F)C(F)(F)C(F)(F)C(F)(F)C(F)(F)C(F)(F)F,FC(F)(F)C(F)(F)C(F)(F)C(F)(F)C(F)(F)C(F)(F)C(F)(F)C(F)(F)C(F)(F)C(F)(F)C(F)(F)F,1.0,163.01,1.5882
PTFE,FC(F)(F)C(F)(F)C(F)(F)C(F)(F)C(F)(F)C(F)(F)C(F)(F)C(F)(F)C(F)(F)C(F)(F)C(F)(F)F,FC(F)(F)C(F)(F)C(F)(F)C(F)(F)C(F)(F)C(F)(F)C(F)(F)C(F)(F)C(F)(F)C(F)(F)C(F)(F)F,1.0,163.01,1.5882
